id,node_color
0,#d673f4
1,#d673f4
2,#d673f4
3,#d673f4
4,#d673f4
5,#d673f4
6,#d673f4
7,#d673f4
8,#d673f4
9,#d673f4
10,#d673f4
11,#d673f4
12,#d673f4
13,#d673f4
14,#d673f4
15,#d673f4
16,#d673f4
17,#d673f4
18,#d673f4
19,#d673f4
20,#d673f4
21,#d673f4
22,#d673f4
23,#d673f4
24,#d673f4
25,#d673f4
26,#d673f4
27,#d673f4
28,#d673f4
29,#d673f4
30,#d673f4
31,#d673f4
32,#d673f4
33,#d673f4
35,#d673f4
36,#d673f4
37,#d673f4
38,#d673f4
39,#d673f4
40,#d673f4
41,#d673f4
42,#d673f4
43,#d673f4
44,#d673f4
45,#d673f4
46,#d673f4
47,#d673f4
48,#d673f4
49,#d673f4
50,#d673f4
51,#d673f4
52,#d673f4
53,#d673f4
54,#d673f4
55,#d673f4
56,#d673f4
57,#d673f4
58,#d673f4
59,#d673f4
60,#d673f4
61,#d673f4
62,#d673f4
63,#d673f4
64,#d673f4
65,#d673f4
66,#d673f4
67,#d673f4
68,#d673f4
69,#d673f4
70,#d673f4
71,#d673f4
72,#d673f4
73,#d673f4
74,#d673f4
75,#d673f4
76,#d673f4
77,#d673f4
78,#d673f4
79,#d673f4
80,#d673f4
81,#d673f4
82,#d673f4
83,#d673f4
84,#d673f4
85,#d673f4
86,#d673f4
87,#d673f4
88,#d673f4
89,#d673f4
90,#d673f4
91,#d673f4
92,#d673f4
93,#d673f4
94,#d673f4
95,#d673f4
96,#d673f4
97,#d673f4
98,#d673f4
99,#d673f4
100,#d673f4
101,#d673f4
102,#d673f4
103,#d673f4
104,#d673f4
105,#d673f4
106,#d673f4
108,#d673f4
109,#d673f4
110,#d673f4
111,#d673f4
112,#d673f4
113,#d673f4
114,#d673f4
115,#d673f4
116,#d673f4
117,#d673f4
118,#d673f4
119,#d673f4
120,#d673f4
121,#d673f4
122,#d673f4
123,#d673f4
124,#d673f4
125,#d673f4
126,#d673f4
127,#d673f4
128,#d673f4
129,#d673f4
130,#d673f4
131,#d673f4
132,#d673f4
133,#d673f4
134,#d673f4
135,#d673f4
137,#d673f4
138,#d673f4
139,#d673f4
140,#d673f4
141,#d673f4
142,#d673f4
143,#d673f4
144,#d673f4
145,#d673f4
146,#d673f4
147,#d673f4
148,#d673f4
149,#d673f4
150,#d673f4
151,#d673f4
152,#d673f4
153,#d673f4
154,#d673f4
155,#d673f4
156,#d673f4
157,#d673f4
158,#d673f4
159,#d673f4
160,#d673f4
161,#d673f4
162,#d673f4
163,#d673f4
164,#d673f4
165,#d673f4
166,#d673f4
167,#d673f4
168,#d673f4
169,#d673f4
170,#d673f4
171,#d673f4
172,#d673f4
173,#d673f4
174,#d673f4
175,#d673f4
176,#d673f4
177,#d673f4
178,#d673f4
179,#d673f4
180,#d673f4
181,#d673f4
182,#d673f4
183,#d673f4
184,#d673f4
185,#d673f4
186,#d673f4
187,#d673f4
188,#d673f4
189,#d673f4
190,#d673f4
191,#d673f4
192,#d673f4
193,#d673f4
194,#d673f4
195,#d673f4
196,#d673f4
197,#d673f4
198,#d673f4
199,#d673f4
200,#d673f4
201,#d673f4
202,#d673f4
203,#d673f4
204,#d673f4
205,#d673f4
206,#d673f4
207,#d673f4
208,#d673f4
209,#d673f4
210,#d673f4
211,#d673f4
212,#d673f4
213,#d673f4
214,#d673f4
215,#d673f4
216,#d673f4
217,#d673f4
218,#d673f4
219,#d673f4
220,#d673f4
221,#d673f4
222,#d673f4
223,#d673f4
224,#d673f4
225,#d673f4
226,#d673f4
227,#d673f4
228,#d673f4
229,#d673f4
230,#d673f4
231,#d673f4
232,#d673f4
233,#d673f4
234,#d673f4
235,#d673f4
236,#d673f4
237,#d673f4
238,#d673f4
239,#d673f4
240,#d673f4
241,#d673f4
242,#d673f4
243,#d673f4
244,#d673f4
245,#d673f4
246,#d673f4
247,#d673f4
248,#d673f4
249,#d673f4
250,#d673f4
251,#d673f4
252,#d673f4
253,#d673f4
254,#d673f4
255,#d673f4
256,#d673f4
257,#d673f4
258,#d673f4
259,#d673f4
260,#d673f4
261,#d673f4
262,#d673f4
263,#d673f4
264,#d673f4
265,#d673f4
266,#d673f4
267,#d673f4
268,#d673f4
269,#d673f4
270,#d673f4
271,#d673f4
272,#d673f4
273,#d673f4
274,#d673f4
275,#d673f4
276,#d673f4
277,#d673f4
278,#d673f4
279,#d673f4
280,#d673f4
281,#d673f4
282,#d673f4
283,#d673f4
284,#d673f4
285,#d673f4
286,#d673f4
287,#d673f4
288,#d673f4
289,#d673f4
290,#d673f4
291,#d673f4
292,#d673f4
293,#d673f4
294,#d673f4
295,#d673f4
296,#d673f4
297,#d673f4
298,#d673f4
299,#d673f4
300,#d673f4
301,#d673f4
302,#d673f4
303,#d673f4
304,#d673f4
305,#d673f4
306,#d673f4
307,#d673f4
308,#d673f4
309,#d673f4
310,#d673f4
311,#d673f4
312,#d673f4
313,#d673f4
314,#d673f4
315,#d673f4
316,#d673f4
317,#d673f4
318,#d673f4
319,#d673f4
320,#d673f4
321,#d673f4
322,#d673f4
323,#d673f4
324,#d673f4
325,#d673f4
326,#d673f4
327,#d673f4
328,#d673f4
329,#d673f4
330,#d673f4
331,#d673f4
332,#d673f4
333,#d673f4
334,#d673f4
335,#d673f4
336,#d673f4
337,#d673f4
338,#d673f4
339,#d673f4
340,#d673f4
341,#d673f4
342,#d673f4
343,#d673f4
344,#d673f4
345,#d673f4
346,#d673f4
347,#d673f4
34,#f561dd
348,#f561dd
349,#f561dd
350,#f561dd
351,#f561dd
352,#f561dd
353,#f561dd
354,#f561dd
355,#f561dd
356,#f561dd
357,#f561dd
358,#f561dd
359,#f561dd
360,#f561dd
361,#f561dd
362,#f561dd
363,#f561dd
364,#f561dd
365,#f561dd
366,#f561dd
367,#f561dd
368,#f561dd
369,#f561dd
370,#f561dd
371,#f561dd
372,#f561dd
373,#f561dd
374,#f561dd
375,#f561dd
376,#f561dd
377,#f561dd
378,#f561dd
379,#f561dd
380,#f561dd
381,#f561dd
382,#f561dd
383,#f561dd
384,#f561dd
385,#f561dd
386,#f561dd
387,#f561dd
388,#f561dd
390,#f561dd
391,#f561dd
392,#f561dd
393,#f561dd
394,#f561dd
395,#f561dd
396,#f561dd
397,#f561dd
398,#f561dd
399,#f561dd
400,#f561dd
401,#f561dd
402,#f561dd
403,#f561dd
404,#f561dd
405,#f561dd
406,#f561dd
407,#f561dd
408,#f561dd
409,#f561dd
410,#f561dd
411,#f561dd
412,#f561dd
413,#f561dd
414,#f561dd
415,#f561dd
416,#f561dd
417,#f561dd
418,#f561dd
419,#f561dd
420,#f561dd
421,#f561dd
422,#f561dd
423,#f561dd
424,#f561dd
425,#f561dd
426,#f561dd
427,#f561dd
428,#f561dd
429,#f561dd
430,#f561dd
431,#f561dd
432,#f561dd
433,#f561dd
434,#f561dd
435,#f561dd
436,#f561dd
437,#f561dd
438,#f561dd
439,#f561dd
440,#f561dd
441,#f561dd
442,#f561dd
443,#f561dd
444,#f561dd
445,#f561dd
446,#f561dd
447,#f561dd
448,#f561dd
449,#f561dd
450,#f561dd
451,#f561dd
452,#f561dd
453,#f561dd
454,#f561dd
455,#f561dd
456,#f561dd
457,#f561dd
458,#f561dd
459,#f561dd
460,#f561dd
461,#f561dd
462,#f561dd
463,#f561dd
464,#f561dd
465,#f561dd
466,#f561dd
467,#f561dd
468,#f561dd
469,#f561dd
470,#f561dd
471,#f561dd
472,#f561dd
473,#f561dd
474,#f561dd
475,#f561dd
476,#f561dd
477,#f561dd
478,#f561dd
479,#f561dd
480,#f561dd
481,#f561dd
482,#f561dd
483,#f561dd
484,#f561dd
485,#f561dd
486,#f561dd
487,#f561dd
488,#f561dd
489,#f561dd
490,#f561dd
491,#f561dd
492,#f561dd
493,#f561dd
494,#f561dd
495,#f561dd
496,#f561dd
497,#f561dd
498,#f561dd
499,#f561dd
500,#f561dd
501,#f561dd
502,#f561dd
503,#f561dd
504,#f561dd
505,#f561dd
506,#f561dd
507,#f561dd
508,#f561dd
509,#f561dd
510,#f561dd
511,#f561dd
512,#f561dd
513,#f561dd
514,#f561dd
515,#f561dd
516,#f561dd
517,#f561dd
518,#f561dd
519,#f561dd
520,#f561dd
521,#f561dd
522,#f561dd
523,#f561dd
524,#f561dd
525,#f561dd
526,#f561dd
527,#f561dd
528,#f561dd
529,#f561dd
530,#f561dd
531,#f561dd
532,#f561dd
533,#f561dd
534,#f561dd
535,#f561dd
536,#f561dd
537,#f561dd
538,#f561dd
539,#f561dd
540,#f561dd
541,#f561dd
542,#f561dd
543,#f561dd
544,#f561dd
545,#f561dd
546,#f561dd
547,#f561dd
548,#f561dd
549,#f561dd
550,#f561dd
551,#f561dd
552,#f561dd
553,#f561dd
554,#f561dd
555,#f561dd
556,#f561dd
557,#f561dd
558,#f561dd
559,#f561dd
560,#f561dd
561,#f561dd
562,#f561dd
563,#f561dd
564,#f561dd
565,#f561dd
566,#f561dd
567,#f561dd
568,#f561dd
569,#f561dd
570,#f561dd
571,#f561dd
572,#f561dd
573,#f561dd
574,#f561dd
575,#f561dd
576,#f561dd
577,#f561dd
578,#f561dd
579,#f561dd
580,#f561dd
581,#f561dd
582,#f561dd
583,#f561dd
584,#f561dd
585,#f561dd
586,#f561dd
587,#f561dd
588,#f561dd
589,#f561dd
590,#f561dd
591,#f561dd
592,#f561dd
593,#f561dd
594,#f561dd
595,#f561dd
597,#f561dd
598,#f561dd
599,#f561dd
600,#f561dd
601,#f561dd
602,#f561dd
603,#f561dd
604,#f561dd
605,#f561dd
606,#f561dd
607,#f561dd
608,#f561dd
609,#f561dd
610,#f561dd
611,#f561dd
612,#f561dd
613,#f561dd
614,#f561dd
615,#f561dd
616,#f561dd
617,#f561dd
618,#f561dd
619,#f561dd
620,#f561dd
621,#f561dd
622,#f561dd
623,#f561dd
624,#f561dd
625,#f561dd
626,#f561dd
627,#f561dd
628,#f561dd
630,#f561dd
631,#f561dd
632,#f561dd
633,#f561dd
634,#f561dd
635,#f561dd
636,#f561dd
637,#f561dd
638,#f561dd
639,#f561dd
640,#f561dd
641,#f561dd
642,#f561dd
643,#f561dd
644,#f561dd
645,#f561dd
646,#f561dd
647,#f561dd
648,#f561dd
650,#f561dd
651,#f561dd
652,#f561dd
653,#f561dd
654,#f561dd
655,#f561dd
656,#f561dd
657,#f561dd
658,#f561dd
659,#f561dd
660,#f561dd
661,#f561dd
662,#f561dd
663,#f561dd
664,#f561dd
665,#f561dd
666,#f561dd
667,#f561dd
668,#f561dd
669,#f561dd
670,#f561dd
671,#f561dd
672,#f561dd
673,#f561dd
674,#f561dd
675,#f561dd
676,#f561dd
677,#f561dd
678,#f561dd
679,#f561dd
680,#f561dd
681,#f561dd
682,#f561dd
683,#f561dd
684,#f561dd
685,#f561dd
930,#f561dd
936,#f561dd
976,#f561dd
1001,#f561dd
1012,#f561dd
1095,#f561dd
1114,#f561dd
1122,#f561dd
1155,#f561dd
1179,#f561dd
1237,#f561dd
1300,#f561dd
1313,#f561dd
1320,#f561dd
1349,#f561dd
1358,#f561dd
1374,#f561dd
1400,#f561dd
1446,#f561dd
1487,#f561dd
1512,#f561dd
1514,#f561dd
1543,#f561dd
1545,#f561dd
1574,#f561dd
1606,#f561dd
1616,#f561dd
1645,#f561dd
1673,#f561dd
1677,#f561dd
1679,#f561dd
1692,#f561dd
1694,#f561dd
1740,#f561dd
1744,#f561dd
1767,#f561dd
1777,#f561dd
1778,#f561dd
1844,#f561dd
1870,#f561dd
1878,#f561dd
1882,#f561dd
3980,#f561dd
3981,#f561dd
3982,#f561dd
3983,#f561dd
3984,#f561dd
3985,#f561dd
3986,#f561dd
3987,#f561dd
3988,#f561dd
3989,#f561dd
3990,#f561dd
3991,#f561dd
3992,#f561dd
3993,#f561dd
3994,#f561dd
3995,#f561dd
3996,#f561dd
3997,#f561dd
3998,#f561dd
3999,#f561dd
4000,#f561dd
4001,#f561dd
4002,#f561dd
4003,#f561dd
4004,#f561dd
4005,#f561dd
4006,#f561dd
4007,#f561dd
4008,#f561dd
4009,#f561dd
4010,#f561dd
4011,#f561dd
4012,#f561dd
4013,#f561dd
4014,#f561dd
4015,#f561dd
4016,#f561dd
4017,#f561dd
4018,#f561dd
4019,#f561dd
4020,#f561dd
4021,#f561dd
4022,#f561dd
4023,#f561dd
4024,#f561dd
4025,#f561dd
4026,#f561dd
4027,#f561dd
4028,#f561dd
4029,#f561dd
4030,#f561dd
4031,#f561dd
4032,#f561dd
4033,#f561dd
4034,#f561dd
4035,#f561dd
4036,#f561dd
4037,#f561dd
4038,#f561dd
107,#32b166
389,#32b166
629,#32b166
649,#32b166
898,#32b166
899,#32b166
900,#32b166
901,#32b166
903,#32b166
904,#32b166
905,#32b166
908,#32b166
909,#32b166
910,#32b166
911,#32b166
912,#32b166
913,#32b166
914,#32b166
915,#32b166
917,#32b166
918,#32b166
919,#32b166
923,#32b166
924,#32b166
928,#32b166
929,#32b166
931,#32b166
933,#32b166
935,#32b166
937,#32b166
938,#32b166
939,#32b166
940,#32b166
941,#32b166
942,#32b166
943,#32b166
944,#32b166
945,#32b166
948,#32b166
949,#32b166
950,#32b166
951,#32b166
954,#32b166
955,#32b166
956,#32b166
958,#32b166
961,#32b166
962,#32b166
963,#32b166
964,#32b166
965,#32b166
968,#32b166
969,#32b166
970,#32b166
971,#32b166
973,#32b166
974,#32b166
977,#32b166
979,#32b166
984,#32b166
985,#32b166
986,#32b166
987,#32b166
990,#32b166
992,#32b166
996,#32b166
1000,#32b166
1002,#32b166
1005,#32b166
1007,#32b166
1008,#32b166
1010,#32b166
1011,#32b166
1013,#32b166
1014,#32b166
1016,#32b166
1018,#32b166
1020,#32b166
1022,#32b166
1023,#32b166
1025,#32b166
1027,#32b166
1030,#32b166
1031,#32b166
1032,#32b166
1033,#32b166
1034,#32b166
1035,#32b166
1037,#32b166
1038,#32b166
1041,#32b166
1042,#32b166
1043,#32b166
1045,#32b166
1046,#32b166
1050,#32b166
1051,#32b166
1052,#32b166
1053,#32b166
1055,#32b166
1057,#32b166
1058,#32b166
1061,#32b166
1062,#32b166
1064,#32b166
1065,#32b166
1066,#32b166
1070,#32b166
1071,#32b166
1072,#32b166
1073,#32b166
1077,#32b166
1080,#32b166
1081,#32b166
1087,#32b166
1088,#32b166
1089,#32b166
1090,#32b166
1093,#32b166
1094,#32b166
1096,#32b166
1097,#32b166
1098,#32b166
1099,#32b166
1102,#32b166
1103,#32b166
1105,#32b166
1106,#32b166
1108,#32b166
1109,#32b166
1111,#32b166
1113,#32b166
1118,#32b166
1119,#32b166
1121,#32b166
1127,#32b166
1131,#32b166
1133,#32b166
1134,#32b166
1136,#32b166
1137,#32b166
1138,#32b166
1139,#32b166
1140,#32b166
1141,#32b166
1142,#32b166
1143,#32b166
1144,#32b166
1145,#32b166
1147,#32b166
1150,#32b166
1151,#32b166
1152,#32b166
1154,#32b166
1157,#32b166
1159,#32b166
1161,#32b166
1162,#32b166
1165,#32b166
1166,#32b166
1167,#32b166
1168,#32b166
1169,#32b166
1170,#32b166
1171,#32b166
1174,#32b166
1176,#32b166
1177,#32b166
1178,#32b166
1183,#32b166
1186,#32b166
1187,#32b166
1188,#32b166
1189,#32b166
1193,#32b166
1194,#32b166
1197,#32b166
1200,#32b166
1202,#32b166
1203,#32b166
1206,#32b166
1208,#32b166
1210,#32b166
1212,#32b166
1213,#32b166
1215,#32b166
1216,#32b166
1217,#32b166
1218,#32b166
1220,#32b166
1223,#32b166
1224,#32b166
1225,#32b166
1226,#32b166
1228,#32b166
1232,#32b166
1233,#32b166
1234,#32b166
1236,#32b166
1240,#32b166
1241,#32b166
1244,#32b166
1245,#32b166
1246,#32b166
1247,#32b166
1248,#32b166
1249,#32b166
1251,#32b166
1252,#32b166
1253,#32b166
1254,#32b166
1258,#32b166
1259,#32b166
1260,#32b166
1261,#32b166
1262,#32b166
1263,#32b166
1264,#32b166
1266,#32b166
1268,#32b166
1270,#32b166
1273,#32b166
1274,#32b166
1275,#32b166
1276,#32b166
1281,#32b166
1282,#32b166
1294,#32b166
1295,#32b166
1296,#32b166
1297,#32b166
1299,#32b166
1301,#32b166
1303,#32b166
1304,#32b166
1306,#32b166
1307,#32b166
1308,#32b166
1309,#32b166
1310,#32b166
1311,#32b166
1314,#32b166
1316,#32b166
1317,#32b166
1318,#32b166
1319,#32b166
1321,#32b166
1324,#32b166
1325,#32b166
1326,#32b166
1328,#32b166
1332,#32b166
1333,#32b166
1337,#32b166
1338,#32b166
1342,#32b166
1343,#32b166
1346,#32b166
1348,#32b166
1353,#32b166
1354,#32b166
1355,#32b166
1356,#32b166
1357,#32b166
1360,#32b166
1362,#32b166
1363,#32b166
1364,#32b166
1366,#32b166
1368,#32b166
1371,#32b166
1372,#32b166
1373,#32b166
1378,#32b166
1382,#32b166
1383,#32b166
1384,#32b166
1385,#32b166
1386,#32b166
1387,#32b166
1394,#32b166
1395,#32b166
1396,#32b166
1397,#32b166
1403,#32b166
1406,#32b166
1408,#32b166
1410,#32b166
1412,#32b166
1415,#32b166
1418,#32b166
1419,#32b166
1421,#32b166
1422,#32b166
1424,#32b166
1425,#32b166
1427,#32b166
1428,#32b166
1429,#32b166
1430,#32b166
1433,#32b166
1434,#32b166
1436,#32b166
1440,#32b166
1441,#32b166
1442,#32b166
1443,#32b166
1444,#32b166
1445,#32b166
1450,#32b166
1451,#32b166
1452,#32b166
1453,#32b166
1454,#32b166
1455,#32b166
1461,#32b166
1464,#32b166
1466,#32b166
1468,#32b166
1469,#32b166
1472,#32b166
1473,#32b166
1474,#32b166
1476,#32b166
1477,#32b166
1478,#32b166
1481,#32b166
1482,#32b166
1486,#32b166
1489,#32b166
1490,#32b166
1492,#32b166
1493,#32b166
1494,#32b166
1495,#32b166
1496,#32b166
1497,#32b166
1498,#32b166
1499,#32b166
1500,#32b166
1502,#32b166
1503,#32b166
1504,#32b166
1505,#32b166
1506,#32b166
1507,#32b166
1508,#32b166
1510,#32b166
1511,#32b166
1515,#32b166
1518,#32b166
1521,#32b166
1525,#32b166
1526,#32b166
1527,#32b166
1529,#32b166
1531,#32b166
1533,#32b166
1536,#32b166
1537,#32b166
1541,#32b166
1544,#32b166
1546,#32b166
1548,#32b166
1549,#32b166
1552,#32b166
1555,#32b166
1558,#32b166
1560,#32b166
1561,#32b166
1562,#32b166
1564,#32b166
1565,#32b166
1566,#32b166
1567,#32b166
1568,#32b166
1569,#32b166
1575,#32b166
1579,#32b166
1581,#32b166
1582,#32b166
1585,#32b166
1586,#32b166
1588,#32b166
1593,#32b166
1594,#32b166
1595,#32b166
1599,#32b166
1601,#32b166
1602,#32b166
1607,#32b166
1615,#32b166
1624,#32b166
1625,#32b166
1627,#32b166
1629,#32b166
1630,#32b166
1631,#32b166
1633,#32b166
1634,#32b166
1638,#32b166
1640,#32b166
1641,#32b166
1646,#32b166
1648,#32b166
1649,#32b166
1650,#32b166
1651,#32b166
1654,#32b166
1656,#32b166
1657,#32b166
1658,#32b166
1660,#32b166
1661,#32b166
1664,#32b166
1667,#32b166
1670,#32b166
1671,#32b166
1672,#32b166
1674,#32b166
1676,#32b166
1678,#32b166
1681,#32b166
1686,#32b166
1687,#32b166
1690,#32b166
1693,#32b166
1695,#32b166
1696,#32b166
1697,#32b166
1698,#32b166
1699,#32b166
1701,#32b166
1703,#32b166
1704,#32b166
1705,#32b166
1706,#32b166
1708,#32b166
1709,#32b166
1711,#32b166
1713,#32b166
1719,#32b166
1725,#32b166
1726,#32b166
1727,#32b166
1729,#32b166
1731,#32b166
1732,#32b166
1733,#32b166
1738,#32b166
1739,#32b166
1742,#32b166
1743,#32b166
1745,#32b166
1747,#32b166
1748,#32b166
1749,#32b166
1751,#32b166
1755,#32b166
1756,#32b166
1758,#32b166
1759,#32b166
1760,#32b166
1762,#32b166
1763,#32b166
1766,#32b166
1770,#32b166
1773,#32b166
1776,#32b166
1779,#32b166
1780,#32b166
1781,#32b166
1783,#32b166
1784,#32b166
1785,#32b166
1786,#32b166
1787,#32b166
1788,#32b166
1792,#32b166
1794,#32b166
1797,#32b166
1798,#32b166
1801,#32b166
1802,#32b166
1803,#32b166
1806,#32b166
1807,#32b166
1808,#32b166
1812,#32b166
1814,#32b166
1815,#32b166
1817,#32b166
1818,#32b166
1820,#32b166
1822,#32b166
1824,#32b166
1825,#32b166
1828,#32b166
1829,#32b166
1830,#32b166
1831,#32b166
1834,#32b166
1837,#32b166
1838,#32b166
1840,#32b166
1847,#32b166
1848,#32b166
1850,#32b166
1852,#32b166
1853,#32b166
1854,#32b166
1855,#32b166
1856,#32b166
1858,#32b166
1860,#32b166
1865,#32b166
1866,#32b166
1869,#32b166
1871,#32b166
1876,#32b166
1880,#32b166
1881,#32b166
1883,#32b166
1885,#32b166
1889,#32b166
1890,#32b166
1892,#32b166
1893,#32b166
1894,#32b166
1895,#32b166
1896,#32b166
1897,#32b166
1901,#32b166
1904,#32b166
1905,#32b166
1906,#32b166
1907,#32b166
1908,#32b166
1910,#32b166
1911,#32b166
136,#ce9032
1465,#ce9032
1577,#ce9032
1718,#ce9032
1913,#ce9032
1916,#ce9032
1920,#ce9032
1926,#ce9032
1932,#ce9032
1939,#ce9032
1940,#ce9032
1941,#ce9032
1945,#ce9032
1947,#ce9032
1948,#ce9032
1954,#ce9032
1955,#ce9032
1959,#ce9032
1970,#ce9032
1981,#ce9032
1987,#ce9032
1994,#ce9032
2002,#ce9032
2003,#ce9032
2007,#ce9032
2010,#ce9032
2026,#ce9032
2028,#ce9032
2032,#ce9032
2038,#ce9032
2039,#ce9032
2042,#ce9032
2052,#ce9032
2053,#ce9032
2054,#ce9032
2057,#ce9032
2062,#ce9032
2065,#ce9032
2068,#ce9032
2071,#ce9032
2072,#ce9032
2075,#ce9032
2081,#ce9032
2087,#ce9032
2096,#ce9032
2101,#ce9032
2102,#ce9032
2110,#ce9032
2111,#ce9032
2117,#ce9032
2125,#ce9032
2127,#ce9032
2128,#ce9032
2132,#ce9032
2133,#ce9032
2134,#ce9032
2135,#ce9032
2137,#ce9032
2138,#ce9032
2143,#ce9032
2144,#ce9032
2148,#ce9032
2149,#ce9032
2151,#ce9032
2153,#ce9032
2161,#ce9032
2163,#ce9032
2169,#ce9032
2174,#ce9032
2176,#ce9032
2177,#ce9032
2180,#ce9032
2183,#ce9032
2187,#ce9032
2189,#ce9032
2191,#ce9032
2194,#ce9032
2196,#ce9032
2198,#ce9032
2199,#ce9032
2203,#ce9032
2208,#ce9032
2215,#ce9032
2221,#ce9032
2222,#ce9032
2223,#ce9032
2224,#ce9032
2235,#ce9032
2239,#ce9032
2241,#ce9032
2243,#ce9032
2246,#ce9032
2247,#ce9032
2249,#ce9032
2250,#ce9032
2252,#ce9032
2254,#ce9032
2259,#ce9032
2264,#ce9032
2267,#ce9032
2268,#ce9032
2273,#ce9032
2274,#ce9032
2279,#ce9032
2280,#ce9032
2282,#ce9032
2283,#ce9032
2285,#ce9032
2289,#ce9032
2292,#ce9032
2293,#ce9032
2294,#ce9032
2295,#ce9032
2302,#ce9032
2304,#ce9032
2305,#ce9032
2315,#ce9032
2319,#ce9032
2327,#ce9032
2328,#ce9032
2330,#ce9032
2332,#ce9032
2333,#ce9032
2336,#ce9032
2338,#ce9032
2343,#ce9032
2344,#ce9032
2347,#ce9032
2351,#ce9032
2355,#ce9032
2368,#ce9032
2372,#ce9032
2377,#ce9032
2384,#ce9032
2385,#ce9032
2390,#ce9032
2394,#ce9032
2396,#ce9032
2398,#ce9032
2399,#ce9032
2400,#ce9032
2413,#ce9032
2415,#ce9032
2417,#ce9032
2419,#ce9032
2420,#ce9032
2432,#ce9032
2434,#ce9032
2436,#ce9032
2438,#ce9032
2445,#ce9032
2451,#ce9032
2458,#ce9032
2461,#ce9032
2463,#ce9032
2465,#ce9032
2471,#ce9032
2472,#ce9032
2475,#ce9032
2479,#ce9032
2491,#ce9032
2496,#ce9032
2498,#ce9032
2501,#ce9032
2502,#ce9032
2508,#ce9032
2509,#ce9032
2510,#ce9032
2511,#ce9032
2512,#ce9032
2516,#ce9032
2518,#ce9032
2519,#ce9032
2522,#ce9032
2529,#ce9032
2530,#ce9032
2533,#ce9032
2537,#ce9032
2543,#ce9032
2544,#ce9032
2547,#ce9032
2555,#ce9032
2567,#ce9032
2571,#ce9032
2572,#ce9032
2582,#ce9032
2588,#ce9032
2589,#ce9032
2592,#ce9032
2594,#ce9032
2597,#ce9032
2598,#ce9032
2599,#ce9032
2603,#ce9032
2605,#ce9032
2608,#ce9032
2609,#ce9032
2616,#ce9032
2617,#ce9032
2629,#ce9032
2635,#ce9032
2642,#ce9032
2643,#ce9032
2649,#ce9032
2652,#ce9032
2653,#ce9032
596,#b39b32
896,#b39b32
902,#b39b32
957,#b39b32
975,#b39b32
981,#b39b32
988,#b39b32
989,#b39b32
994,#b39b32
1009,#b39b32
1015,#b39b32
1019,#b39b32
1021,#b39b32
1036,#b39b32
1044,#b39b32
1060,#b39b32
1067,#b39b32
1082,#b39b32
1100,#b39b32
1104,#b39b32
1115,#b39b32
1120,#b39b32
1129,#b39b32
1148,#b39b32
1158,#b39b32
1190,#b39b32
1192,#b39b32
1204,#b39b32
1221,#b39b32
1227,#b39b32
1229,#b39b32
1231,#b39b32
1235,#b39b32
1257,#b39b32
1277,#b39b32
1279,#b39b32
1284,#b39b32
1286,#b39b32
1292,#b39b32
1298,#b39b32
1315,#b39b32
1322,#b39b32
1345,#b39b32
1347,#b39b32
1350,#b39b32
1379,#b39b32
1381,#b39b32
1392,#b39b32
1404,#b39b32
1413,#b39b32
1414,#b39b32
1417,#b39b32
1423,#b39b32
1426,#b39b32
1432,#b39b32
1438,#b39b32
1448,#b39b32
1459,#b39b32
1462,#b39b32
1475,#b39b32
1479,#b39b32
1550,#b39b32
1573,#b39b32
1576,#b39b32
1578,#b39b32
1583,#b39b32
1587,#b39b32
1591,#b39b32
1592,#b39b32
1596,#b39b32
1611,#b39b32
1628,#b39b32
1635,#b39b32
1636,#b39b32
1647,#b39b32
1655,#b39b32
1680,#b39b32
1682,#b39b32
1691,#b39b32
1715,#b39b32
1716,#b39b32
1720,#b39b32
1728,#b39b32
1764,#b39b32
1790,#b39b32
1841,#b39b32
1857,#b39b32
1859,#b39b32
1862,#b39b32
1872,#b39b32
1873,#b39b32
1875,#b39b32
1884,#b39b32
1887,#b39b32
1899,#b39b32
1903,#b39b32
686,#97a431
687,#97a431
688,#97a431
689,#97a431
690,#97a431
691,#97a431
692,#97a431
693,#97a431
694,#97a431
695,#97a431
696,#97a431
697,#97a431
698,#97a431
699,#97a431
700,#97a431
701,#97a431
702,#97a431
703,#97a431
704,#97a431
705,#97a431
706,#97a431
707,#97a431
708,#97a431
709,#97a431
710,#97a431
711,#97a431
712,#97a431
713,#97a431
714,#97a431
715,#97a431
716,#97a431
717,#97a431
718,#97a431
719,#97a431
720,#97a431
721,#97a431
722,#97a431
723,#97a431
724,#97a431
725,#97a431
726,#97a431
727,#97a431
728,#97a431
729,#97a431
730,#97a431
731,#97a431
732,#97a431
733,#97a431
734,#97a431
735,#97a431
736,#97a431
737,#97a431
738,#97a431
739,#97a431
740,#97a431
741,#97a431
742,#97a431
743,#97a431
744,#97a431
745,#97a431
746,#97a431
747,#97a431
748,#97a431
749,#97a431
750,#97a431
751,#97a431
752,#97a431
753,#97a431
754,#97a431
755,#97a431
756,#97a431
757,#97a431
758,#97a431
759,#97a431
760,#97a431
761,#97a431
762,#97a431
763,#97a431
764,#97a431
765,#97a431
766,#97a431
767,#97a431
768,#97a431
769,#97a431
770,#97a431
771,#97a431
772,#97a431
773,#97a431
774,#97a431
775,#97a431
776,#97a431
777,#97a431
778,#97a431
779,#97a431
780,#97a431
781,#97a431
782,#97a431
783,#97a431
784,#97a431
785,#97a431
786,#97a431
787,#97a431
788,#97a431
789,#97a431
790,#97a431
791,#97a431
792,#97a431
793,#97a431
794,#97a431
795,#97a431
796,#97a431
797,#97a431
798,#97a431
799,#97a431
800,#97a431
801,#97a431
802,#97a431
803,#97a431
804,#97a431
805,#97a431
806,#97a431
807,#97a431
808,#97a431
809,#97a431
810,#97a431
811,#97a431
812,#97a431
813,#97a431
814,#97a431
815,#97a431
816,#97a431
817,#97a431
818,#97a431
819,#97a431
820,#97a431
821,#97a431
822,#97a431
823,#97a431
824,#97a431
825,#97a431
826,#97a431
827,#97a431
828,#97a431
829,#97a431
830,#97a431
831,#97a431
832,#97a431
833,#97a431
834,#97a431
835,#97a431
836,#97a431
837,#97a431
838,#97a431
839,#97a431
840,#97a431
841,#97a431
842,#97a431
843,#97a431
844,#97a431
845,#97a431
846,#97a431
847,#97a431
848,#97a431
849,#97a431
850,#97a431
851,#97a431
852,#97a431
853,#97a431
854,#97a431
855,#97a431
856,#97a431
857,#97a431
858,#97a431
859,#97a431
861,#97a431
862,#97a431
863,#97a431
864,#97a431
865,#97a431
866,#97a431
867,#97a431
868,#97a431
869,#97a431
870,#97a431
871,#97a431
872,#97a431
873,#97a431
874,#97a431
875,#97a431
876,#97a431
877,#97a431
878,#97a431
879,#97a431
880,#97a431
881,#97a431
882,#97a431
883,#97a431
884,#97a431
885,#97a431
886,#97a431
887,#97a431
888,#97a431
889,#97a431
890,#97a431
891,#97a431
892,#97a431
893,#97a431
894,#97a431
895,#97a431
1085,#97a431
3437,#97a431
3438,#97a431
3439,#97a431
3440,#97a431
3441,#97a431
3442,#97a431
3443,#97a431
3444,#97a431
3445,#97a431
3446,#97a431
3447,#97a431
3448,#97a431
3449,#97a431
3450,#97a431
3451,#97a431
3452,#97a431
3453,#97a431
3454,#97a431
3455,#97a431
3456,#97a431
3457,#97a431
3458,#97a431
3459,#97a431
3460,#97a431
3461,#97a431
3462,#97a431
3463,#97a431
3464,#97a431
3465,#97a431
3466,#97a431
3467,#97a431
3468,#97a431
3469,#97a431
3470,#97a431
3471,#97a431
3472,#97a431
3473,#97a431
3474,#97a431
3475,#97a431
3476,#97a431
3477,#97a431
3478,#97a431
3479,#97a431
3480,#97a431
3481,#97a431
3482,#97a431
3483,#97a431
3484,#97a431
3485,#97a431
3486,#97a431
3487,#97a431
3488,#97a431
3489,#97a431
3490,#97a431
3491,#97a431
3492,#97a431
3493,#97a431
3494,#97a431
3495,#97a431
3496,#97a431
3497,#97a431
3498,#97a431
3499,#97a431
3500,#97a431
3501,#97a431
3502,#97a431
3503,#97a431
3504,#97a431
3505,#97a431
3506,#97a431
3507,#97a431
3508,#97a431
3509,#97a431
3510,#97a431
3511,#97a431
3512,#97a431
3513,#97a431
3514,#97a431
3515,#97a431
3516,#97a431
3517,#97a431
3518,#97a431
3519,#97a431
3520,#97a431
3521,#97a431
3522,#97a431
3523,#97a431
3524,#97a431
3525,#97a431
3526,#97a431
3527,#97a431
3528,#97a431
3529,#97a431
3530,#97a431
3531,#97a431
3532,#97a431
3533,#97a431
3534,#97a431
3535,#97a431
3536,#97a431
3537,#97a431
3538,#97a431
3539,#97a431
3540,#97a431
3541,#97a431
3542,#97a431
3543,#97a431
3544,#97a431
3545,#97a431
3546,#97a431
3547,#97a431
3548,#97a431
3549,#97a431
3550,#97a431
3551,#97a431
3552,#97a431
3553,#97a431
3554,#97a431
3555,#97a431
3556,#97a431
3557,#97a431
3558,#97a431
3559,#97a431
3560,#97a431
3561,#97a431
3562,#97a431
3563,#97a431
3564,#97a431
3565,#97a431
3566,#97a431
3567,#97a431
3568,#97a431
3569,#97a431
3570,#97a431
3571,#97a431
3572,#97a431
3573,#97a431
3574,#97a431
3575,#97a431
3576,#97a431
3577,#97a431
3578,#97a431
3579,#97a431
3580,#97a431
3581,#97a431
3582,#97a431
3583,#97a431
3584,#97a431
3585,#97a431
3586,#97a431
3587,#97a431
3588,#97a431
3589,#97a431
3590,#97a431
3591,#97a431
3592,#97a431
3593,#97a431
3594,#97a431
3595,#97a431
3596,#97a431
3597,#97a431
3598,#97a431
3599,#97a431
3600,#97a431
3601,#97a431
3602,#97a431
3603,#97a431
3604,#97a431
3605,#97a431
3606,#97a431
3607,#97a431
3608,#97a431
3609,#97a431
3610,#97a431
3611,#97a431
3612,#97a431
3613,#97a431
3614,#97a431
3615,#97a431
3616,#97a431
3617,#97a431
3618,#97a431
3619,#97a431
3620,#97a431
3621,#97a431
3622,#97a431
3623,#97a431
3624,#97a431
3625,#97a431
3626,#97a431
3627,#97a431
3628,#97a431
3629,#97a431
3630,#97a431
3631,#97a431
3632,#97a431
3633,#97a431
3634,#97a431
3635,#97a431
3636,#97a431
3637,#97a431
3638,#97a431
3639,#97a431
3640,#97a431
3641,#97a431
3642,#97a431
3643,#97a431
3644,#97a431
3645,#97a431
3646,#97a431
3647,#97a431
3648,#97a431
3649,#97a431
3650,#97a431
3651,#97a431
3652,#97a431
3653,#97a431
3654,#97a431
3655,#97a431
3656,#97a431
3657,#97a431
3658,#97a431
3659,#97a431
3660,#97a431
3661,#97a431
3662,#97a431
3663,#97a431
3664,#97a431
3665,#97a431
3666,#97a431
3667,#97a431
3668,#97a431
3669,#97a431
3670,#97a431
3671,#97a431
3672,#97a431
3673,#97a431
3674,#97a431
3675,#97a431
3676,#97a431
3677,#97a431
3678,#97a431
3679,#97a431
3680,#97a431
3681,#97a431
3682,#97a431
3683,#97a431
3684,#97a431
3685,#97a431
3686,#97a431
3687,#97a431
3688,#97a431
3689,#97a431
3690,#97a431
3691,#97a431
3692,#97a431
3693,#97a431
3694,#97a431
3695,#97a431
3696,#97a431
3697,#97a431
3698,#97a431
3699,#97a431
3700,#97a431
3701,#97a431
3702,#97a431
3703,#97a431
3704,#97a431
3705,#97a431
3706,#97a431
3707,#97a431
3708,#97a431
3709,#97a431
3710,#97a431
3711,#97a431
3712,#97a431
3713,#97a431
3714,#97a431
3715,#97a431
3716,#97a431
3717,#97a431
3718,#97a431
3719,#97a431
3720,#97a431
3721,#97a431
3722,#97a431
3723,#97a431
3724,#97a431
3725,#97a431
3726,#97a431
3727,#97a431
3728,#97a431
3729,#97a431
3730,#97a431
3731,#97a431
3732,#97a431
3733,#97a431
3734,#97a431
3735,#97a431
3736,#97a431
3737,#97a431
3738,#97a431
3739,#97a431
3740,#97a431
3741,#97a431
3742,#97a431
3743,#97a431
3744,#97a431
3745,#97a431
3746,#97a431
3747,#97a431
3748,#97a431
3749,#97a431
3750,#97a431
3751,#97a431
3752,#97a431
3753,#97a431
3754,#97a431
3755,#97a431
3756,#97a431
3757,#97a431
3758,#97a431
3759,#97a431
3760,#97a431
3761,#97a431
3762,#97a431
3763,#97a431
3764,#97a431
3765,#97a431
3766,#97a431
3767,#97a431
3768,#97a431
3769,#97a431
3770,#97a431
3771,#97a431
3772,#97a431
3773,#97a431
3774,#97a431
3775,#97a431
3776,#97a431
3777,#97a431
3778,#97a431
3779,#97a431
3780,#97a431
3781,#97a431
3782,#97a431
3783,#97a431
3784,#97a431
3785,#97a431
3786,#97a431
3787,#97a431
3788,#97a431
3789,#97a431
3790,#97a431
3791,#97a431
3792,#97a431
3793,#97a431
3794,#97a431
3795,#97a431
3796,#97a431
3797,#97a431
3798,#97a431
3799,#97a431
3800,#97a431
3801,#97a431
3802,#97a431
3803,#97a431
3804,#97a431
3805,#97a431
3806,#97a431
3807,#97a431
3808,#97a431
3809,#97a431
3810,#97a431
3811,#97a431
3812,#97a431
3813,#97a431
3814,#97a431
3815,#97a431
3816,#97a431
3817,#97a431
3818,#97a431
3819,#97a431
3820,#97a431
3821,#97a431
3822,#97a431
3823,#97a431
3824,#97a431
3825,#97a431
3826,#97a431
3827,#97a431
3828,#97a431
3829,#97a431
3830,#97a431
3831,#97a431
3832,#97a431
3833,#97a431
3834,#97a431
3835,#97a431
3836,#97a431
3837,#97a431
3838,#97a431
3839,#97a431
3840,#97a431
3841,#97a431
3842,#97a431
3843,#97a431
3844,#97a431
3845,#97a431
3846,#97a431
3847,#97a431
3848,#97a431
3849,#97a431
3850,#97a431
3851,#97a431
3852,#97a431
3853,#97a431
3854,#97a431
3855,#97a431
3856,#97a431
3857,#97a431
3858,#97a431
3859,#97a431
3860,#97a431
3861,#97a431
3862,#97a431
3863,#97a431
3864,#97a431
3865,#97a431
3866,#97a431
3867,#97a431
3868,#97a431
3869,#97a431
3870,#97a431
3871,#97a431
3872,#97a431
3873,#97a431
3874,#97a431
3875,#97a431
3876,#97a431
3877,#97a431
3878,#97a431
3879,#97a431
3880,#97a431
3881,#97a431
3882,#97a431
3883,#97a431
3884,#97a431
3885,#97a431
3886,#97a431
3887,#97a431
3888,#97a431
3889,#97a431
3890,#97a431
3891,#97a431
3892,#97a431
3893,#97a431
3894,#97a431
3895,#97a431
3896,#97a431
3897,#97a431
3898,#97a431
3899,#97a431
3900,#97a431
3901,#97a431
3902,#97a431
3903,#97a431
3904,#97a431
3905,#97a431
3906,#97a431
3907,#97a431
3908,#97a431
3909,#97a431
3910,#97a431
3911,#97a431
3912,#97a431
3913,#97a431
3914,#97a431
3915,#97a431
3916,#97a431
3917,#97a431
3918,#97a431
3919,#97a431
3920,#97a431
3921,#97a431
3922,#97a431
3923,#97a431
3924,#97a431
3925,#97a431
3926,#97a431
3927,#97a431
3928,#97a431
3929,#97a431
3930,#97a431
3931,#97a431
3932,#97a431
3933,#97a431
3934,#97a431
3935,#97a431
3936,#97a431
3937,#97a431
3938,#97a431
3939,#97a431
3940,#97a431
3941,#97a431
3942,#97a431
3943,#97a431
3944,#97a431
3945,#97a431
3946,#97a431
3947,#97a431
3948,#97a431
3949,#97a431
3950,#97a431
3951,#97a431
3952,#97a431
3953,#97a431
3954,#97a431
3955,#97a431
3956,#97a431
3957,#97a431
3958,#97a431
3959,#97a431
3960,#97a431
3961,#97a431
3962,#97a431
3963,#97a431
3964,#97a431
3965,#97a431
3966,#97a431
3967,#97a431
3968,#97a431
3969,#97a431
3970,#97a431
3971,#97a431
3972,#97a431
3973,#97a431
3974,#97a431
3975,#97a431
3976,#97a431
3977,#97a431
3978,#97a431
3979,#97a431
860,#34af8e
1534,#34af8e
1642,#34af8e
1666,#34af8e
1684,#34af8e
2661,#34af8e
2662,#34af8e
2665,#34af8e
2667,#34af8e
2668,#34af8e
2670,#34af8e
2671,#34af8e
2672,#34af8e
2674,#34af8e
2675,#34af8e
2677,#34af8e
2678,#34af8e
2682,#34af8e
2684,#34af8e
2685,#34af8e
2686,#34af8e
2687,#34af8e
2688,#34af8e
2690,#34af8e
2691,#34af8e
2692,#34af8e
2693,#34af8e
2696,#34af8e
2697,#34af8e
2699,#34af8e
2700,#34af8e
2701,#34af8e
2702,#34af8e
2703,#34af8e
2704,#34af8e
2707,#34af8e
2708,#34af8e
2709,#34af8e
2711,#34af8e
2712,#34af8e
2713,#34af8e
2714,#34af8e
2715,#34af8e
2716,#34af8e
2718,#34af8e
2719,#34af8e
2720,#34af8e
2721,#34af8e
2722,#34af8e
2723,#34af8e
2724,#34af8e
2725,#34af8e
2727,#34af8e
2728,#34af8e
2730,#34af8e
2732,#34af8e
2733,#34af8e
2734,#34af8e
2735,#34af8e
2736,#34af8e
2737,#34af8e
2739,#34af8e
2740,#34af8e
2742,#34af8e
2744,#34af8e
2747,#34af8e
2748,#34af8e
2751,#34af8e
2752,#34af8e
2753,#34af8e
2758,#34af8e
2760,#34af8e
2762,#34af8e
2764,#34af8e
2765,#34af8e
2767,#34af8e
2768,#34af8e
2770,#34af8e
2771,#34af8e
2772,#34af8e
2774,#34af8e
2775,#34af8e
2776,#34af8e
2778,#34af8e
2779,#34af8e
2780,#34af8e
2781,#34af8e
2783,#34af8e
2784,#34af8e
2785,#34af8e
2787,#34af8e
2788,#34af8e
2790,#34af8e
2791,#34af8e
2792,#34af8e
2793,#34af8e
2795,#34af8e
2796,#34af8e
2797,#34af8e
2799,#34af8e
2801,#34af8e
2802,#34af8e
2803,#34af8e
2804,#34af8e
2805,#34af8e
2808,#34af8e
2811,#34af8e
2812,#34af8e
2813,#34af8e
2814,#34af8e
2816,#34af8e
2817,#34af8e
2818,#34af8e
2819,#34af8e
2820,#34af8e
2822,#34af8e
2823,#34af8e
2824,#34af8e
2825,#34af8e
2826,#34af8e
2828,#34af8e
2829,#34af8e
2830,#34af8e
2831,#34af8e
2832,#34af8e
2833,#34af8e
2834,#34af8e
2836,#34af8e
2838,#34af8e
2840,#34af8e
2841,#34af8e
2842,#34af8e
2843,#34af8e
2844,#34af8e
2845,#34af8e
2846,#34af8e
2847,#34af8e
2848,#34af8e
2849,#34af8e
2853,#34af8e
2855,#34af8e
2856,#34af8e
2857,#34af8e
2858,#34af8e
2859,#34af8e
2860,#34af8e
2861,#34af8e
2863,#34af8e
2865,#34af8e
2868,#34af8e
2869,#34af8e
2870,#34af8e
2871,#34af8e
2875,#34af8e
2876,#34af8e
2878,#34af8e
2879,#34af8e
2881,#34af8e
2882,#34af8e
2883,#34af8e
2885,#34af8e
2886,#34af8e
2889,#34af8e
2892,#34af8e
2893,#34af8e
2894,#34af8e
2895,#34af8e
2898,#34af8e
2899,#34af8e
2900,#34af8e
2901,#34af8e
2902,#34af8e
2903,#34af8e
2904,#34af8e
2914,#34af8e
2918,#34af8e
2921,#34af8e
2922,#34af8e
2923,#34af8e
2926,#34af8e
2930,#34af8e
2932,#34af8e
2934,#34af8e
2935,#34af8e
2936,#34af8e
2937,#34af8e
2938,#34af8e
2939,#34af8e
2941,#34af8e
2942,#34af8e
2947,#34af8e
2949,#34af8e
2950,#34af8e
2951,#34af8e
2952,#34af8e
2954,#34af8e
2955,#34af8e
2957,#34af8e
2958,#34af8e
2959,#34af8e
2962,#34af8e
2964,#34af8e
2965,#34af8e
2968,#34af8e
2970,#34af8e
2971,#34af8e
2972,#34af8e
2973,#34af8e
2975,#34af8e
2976,#34af8e
2979,#34af8e
2980,#34af8e
2982,#34af8e
2983,#34af8e
2984,#34af8e
2989,#34af8e
2990,#34af8e
2991,#34af8e
2992,#34af8e
2995,#34af8e
2996,#34af8e
2997,#34af8e
2998,#34af8e
2999,#34af8e
3001,#34af8e
3002,#34af8e
3003,#34af8e
3005,#34af8e
3006,#34af8e
3007,#34af8e
3008,#34af8e
3009,#34af8e
3011,#34af8e
3012,#34af8e
3013,#34af8e
3015,#34af8e
3016,#34af8e
3017,#34af8e
3018,#34af8e
3019,#34af8e
3020,#34af8e
3021,#34af8e
3024,#34af8e
3027,#34af8e
3028,#34af8e
3031,#34af8e
3032,#34af8e
3034,#34af8e
3035,#34af8e
3037,#34af8e
3038,#34af8e
3039,#34af8e
3041,#34af8e
3043,#34af8e
3045,#34af8e
3046,#34af8e
3048,#34af8e
3049,#34af8e
3050,#34af8e
3051,#34af8e
3053,#34af8e
3055,#34af8e
3057,#34af8e
3058,#34af8e
3059,#34af8e
3060,#34af8e
3061,#34af8e
3062,#34af8e
3063,#34af8e
3066,#34af8e
3067,#34af8e
3068,#34af8e
3069,#34af8e
3070,#34af8e
3071,#34af8e
3072,#34af8e
3074,#34af8e
3075,#34af8e
3076,#34af8e
3077,#34af8e
3079,#34af8e
3081,#34af8e
3082,#34af8e
3083,#34af8e
3086,#34af8e
3087,#34af8e
3088,#34af8e
3089,#34af8e
3091,#34af8e
3093,#34af8e
3094,#34af8e
3097,#34af8e
3099,#34af8e
3100,#34af8e
3101,#34af8e
3102,#34af8e
3103,#34af8e
3106,#34af8e
3107,#34af8e
3109,#34af8e
3110,#34af8e
3111,#34af8e
3112,#34af8e
3113,#34af8e
3115,#34af8e
3116,#34af8e
3118,#34af8e
3120,#34af8e
3121,#34af8e
3122,#34af8e
3124,#34af8e
3125,#34af8e
3126,#34af8e
3127,#34af8e
3128,#34af8e
3131,#34af8e
3132,#34af8e
3133,#34af8e
3134,#34af8e
3136,#34af8e
3138,#34af8e
3140,#34af8e
3141,#34af8e
3143,#34af8e
3144,#34af8e
3145,#34af8e
3146,#34af8e
3147,#34af8e
3148,#34af8e
3150,#34af8e
3151,#34af8e
3152,#34af8e
3154,#34af8e
3155,#34af8e
3156,#34af8e
3157,#34af8e
3159,#34af8e
3160,#34af8e
3161,#34af8e
3162,#34af8e
3164,#34af8e
3165,#34af8e
3167,#34af8e
3168,#34af8e
3169,#34af8e
3170,#34af8e
3171,#34af8e
3172,#34af8e
3173,#34af8e
3175,#34af8e
3176,#34af8e
3177,#34af8e
3178,#34af8e
3179,#34af8e
3180,#34af8e
3181,#34af8e
3182,#34af8e
3183,#34af8e
3185,#34af8e
3186,#34af8e
3187,#34af8e
3188,#34af8e
3189,#34af8e
3190,#34af8e
3191,#34af8e
3192,#34af8e
3194,#34af8e
3196,#34af8e
3197,#34af8e
3198,#34af8e
3199,#34af8e
3200,#34af8e
3201,#34af8e
3203,#34af8e
3204,#34af8e
3205,#34af8e
3206,#34af8e
3207,#34af8e
3208,#34af8e
3209,#34af8e
3210,#34af8e
3211,#34af8e
3212,#34af8e
3214,#34af8e
3215,#34af8e
3216,#34af8e
3217,#34af8e
3218,#34af8e
3219,#34af8e
3221,#34af8e
3222,#34af8e
3223,#34af8e
3224,#34af8e
3225,#34af8e
3230,#34af8e
3233,#34af8e
3235,#34af8e
3236,#34af8e
3239,#34af8e
3240,#34af8e
3241,#34af8e
3242,#34af8e
3244,#34af8e
3245,#34af8e
3246,#34af8e
3247,#34af8e
3248,#34af8e
3249,#34af8e
3251,#34af8e
3252,#34af8e
3253,#34af8e
3254,#34af8e
3255,#34af8e
3256,#34af8e
3258,#34af8e
3259,#34af8e
3260,#34af8e
3261,#34af8e
3262,#34af8e
3263,#34af8e
3264,#34af8e
3265,#34af8e
3266,#34af8e
3267,#34af8e
3268,#34af8e
3270,#34af8e
3271,#34af8e
3272,#34af8e
3273,#34af8e
3274,#34af8e
3275,#34af8e
3276,#34af8e
3277,#34af8e
3278,#34af8e
3279,#34af8e
3280,#34af8e
3281,#34af8e
3282,#34af8e
3283,#34af8e
3285,#34af8e
3287,#34af8e
3288,#34af8e
3289,#34af8e
3290,#34af8e
3291,#34af8e
3292,#34af8e
3295,#34af8e
3296,#34af8e
3297,#34af8e
3298,#34af8e
3299,#34af8e
3302,#34af8e
3305,#34af8e
3306,#34af8e
3307,#34af8e
3308,#34af8e
3309,#34af8e
3310,#34af8e
3311,#34af8e
3312,#34af8e
3313,#34af8e
3314,#34af8e
3316,#34af8e
3318,#34af8e
3319,#34af8e
3320,#34af8e
3321,#34af8e
3322,#34af8e
3323,#34af8e
3325,#34af8e
3326,#34af8e
3327,#34af8e
3328,#34af8e
3329,#34af8e
3330,#34af8e
3331,#34af8e
3332,#34af8e
3334,#34af8e
3335,#34af8e
3336,#34af8e
3337,#34af8e
3338,#34af8e
3340,#34af8e
3341,#34af8e
3342,#34af8e
3343,#34af8e
3344,#34af8e
3345,#34af8e
3346,#34af8e
3347,#34af8e
3349,#34af8e
3350,#34af8e
3351,#34af8e
3352,#34af8e
3353,#34af8e
3354,#34af8e
3355,#34af8e
3356,#34af8e
3357,#34af8e
3358,#34af8e
3359,#34af8e
3360,#34af8e
3361,#34af8e
3365,#34af8e
3366,#34af8e
3367,#34af8e
3368,#34af8e
3369,#34af8e
3370,#34af8e
3371,#34af8e
3372,#34af8e
3373,#34af8e
3374,#34af8e
3375,#34af8e
3376,#34af8e
3377,#34af8e
3378,#34af8e
3379,#34af8e
3380,#34af8e
3381,#34af8e
3382,#34af8e
3383,#34af8e
3385,#34af8e
3386,#34af8e
3389,#34af8e
3391,#34af8e
3393,#34af8e
3395,#34af8e
3396,#34af8e
3397,#34af8e
3398,#34af8e
3401,#34af8e
3402,#34af8e
3403,#34af8e
3404,#34af8e
3405,#34af8e
3406,#34af8e
3407,#34af8e
3408,#34af8e
3409,#34af8e
3410,#34af8e
3411,#34af8e
3412,#34af8e
3413,#34af8e
3415,#34af8e
3416,#34af8e
3418,#34af8e
3419,#34af8e
3420,#34af8e
3421,#34af8e
3422,#34af8e
3423,#34af8e
3424,#34af8e
3425,#34af8e
3427,#34af8e
3429,#34af8e
3431,#34af8e
3432,#34af8e
3434,#34af8e
897,#f77189
916,#f77189
922,#f77189
926,#f77189
932,#f77189
953,#f77189
959,#f77189
960,#f77189
966,#f77189
972,#f77189
982,#f77189
983,#f77189
995,#f77189
997,#f77189
998,#f77189
1006,#f77189
1017,#f77189
1024,#f77189
1029,#f77189
1039,#f77189
1040,#f77189
1056,#f77189
1063,#f77189
1068,#f77189
1069,#f77189
1074,#f77189
1078,#f77189
1083,#f77189
1084,#f77189
1086,#f77189
1091,#f77189
1101,#f77189
1107,#f77189
1117,#f77189
1123,#f77189
1124,#f77189
1125,#f77189
1130,#f77189
1132,#f77189
1153,#f77189
1156,#f77189
1160,#f77189
1163,#f77189
1172,#f77189
1173,#f77189
1180,#f77189
1191,#f77189
1199,#f77189
1201,#f77189
1205,#f77189
1207,#f77189
1211,#f77189
1214,#f77189
1219,#f77189
1222,#f77189
1238,#f77189
1256,#f77189
1271,#f77189
1280,#f77189
1285,#f77189
1288,#f77189
1289,#f77189
1302,#f77189
1323,#f77189
1330,#f77189
1331,#f77189
1335,#f77189
1336,#f77189
1341,#f77189
1351,#f77189
1359,#f77189
1361,#f77189
1370,#f77189
1380,#f77189
1388,#f77189
1389,#f77189
1398,#f77189
1399,#f77189
1401,#f77189
1402,#f77189
1409,#f77189
1437,#f77189
1447,#f77189
1449,#f77189
1456,#f77189
1457,#f77189
1458,#f77189
1463,#f77189
1470,#f77189
1471,#f77189
1480,#f77189
1483,#f77189
1488,#f77189
1501,#f77189
1517,#f77189
1519,#f77189
1535,#f77189
1542,#f77189
1547,#f77189
1551,#f77189
1553,#f77189
1556,#f77189
1559,#f77189
1571,#f77189
1580,#f77189
1598,#f77189
1604,#f77189
1605,#f77189
1609,#f77189
1610,#f77189
1619,#f77189
1662,#f77189
1665,#f77189
1668,#f77189
1702,#f77189
1707,#f77189
1712,#f77189
1722,#f77189
1723,#f77189
1736,#f77189
1741,#f77189
1772,#f77189
1793,#f77189
1804,#f77189
1805,#f77189
1809,#f77189
1811,#f77189
1816,#f77189
1821,#f77189
1826,#f77189
1832,#f77189
1839,#f77189
1842,#f77189
1843,#f77189
1849,#f77189
1863,#f77189
1864,#f77189
1868,#f77189
1874,#f77189
1879,#f77189
1888,#f77189
1898,#f77189
1900,#f77189
1902,#f77189
906,#37abb8
907,#37abb8
920,#37abb8
921,#37abb8
925,#37abb8
927,#37abb8
934,#37abb8
946,#37abb8
947,#37abb8
952,#37abb8
967,#37abb8
978,#37abb8
980,#37abb8
991,#37abb8
993,#37abb8
999,#37abb8
1003,#37abb8
1004,#37abb8
1026,#37abb8
1028,#37abb8
1047,#37abb8
1048,#37abb8
1049,#37abb8
1054,#37abb8
1059,#37abb8
1075,#37abb8
1076,#37abb8
1079,#37abb8
1092,#37abb8
1110,#37abb8
1112,#37abb8
1116,#37abb8
1126,#37abb8
1128,#37abb8
1135,#37abb8
1146,#37abb8
1149,#37abb8
1164,#37abb8
1175,#37abb8
1181,#37abb8
1182,#37abb8
1184,#37abb8
1185,#37abb8
1195,#37abb8
1196,#37abb8
1198,#37abb8
1209,#37abb8
1230,#37abb8
1239,#37abb8
1242,#37abb8
1243,#37abb8
1250,#37abb8
1255,#37abb8
1265,#37abb8
1267,#37abb8
1269,#37abb8
1272,#37abb8
1278,#37abb8
1283,#37abb8
1287,#37abb8
1290,#37abb8
1291,#37abb8
1293,#37abb8
1305,#37abb8
1312,#37abb8
1327,#37abb8
1329,#37abb8
1334,#37abb8
1339,#37abb8
1340,#37abb8
1344,#37abb8
1352,#37abb8
1365,#37abb8
1367,#37abb8
1369,#37abb8
1375,#37abb8
1376,#37abb8
1377,#37abb8
1390,#37abb8
1391,#37abb8
1393,#37abb8
1405,#37abb8
1407,#37abb8
1411,#37abb8
1416,#37abb8
1420,#37abb8
1431,#37abb8
1435,#37abb8
1439,#37abb8
1460,#37abb8
1467,#37abb8
1484,#37abb8
1485,#37abb8
1491,#37abb8
1509,#37abb8
1513,#37abb8
1516,#37abb8
1520,#37abb8
1522,#37abb8
1523,#37abb8
1524,#37abb8
1528,#37abb8
1530,#37abb8
1532,#37abb8
1538,#37abb8
1539,#37abb8
1540,#37abb8
1554,#37abb8
1557,#37abb8
1563,#37abb8
1570,#37abb8
1572,#37abb8
1584,#37abb8
1589,#37abb8
1590,#37abb8
1597,#37abb8
1600,#37abb8
1603,#37abb8
1608,#37abb8
1612,#37abb8
1613,#37abb8
1614,#37abb8
1617,#37abb8
1618,#37abb8
1620,#37abb8
1621,#37abb8
1622,#37abb8
1623,#37abb8
1626,#37abb8
1632,#37abb8
1637,#37abb8
1639,#37abb8
1643,#37abb8
1644,#37abb8
1652,#37abb8
1653,#37abb8
1659,#37abb8
1663,#37abb8
1669,#37abb8
1675,#37abb8
1683,#37abb8
1685,#37abb8
1688,#37abb8
1689,#37abb8
1700,#37abb8
1710,#37abb8
1714,#37abb8
1717,#37abb8
1721,#37abb8
1724,#37abb8
1730,#37abb8
1734,#37abb8
1735,#37abb8
1737,#37abb8
1746,#37abb8
1750,#37abb8
1752,#37abb8
1753,#37abb8
1754,#37abb8
1757,#37abb8
1761,#37abb8
1765,#37abb8
1768,#37abb8
1769,#37abb8
1771,#37abb8
1774,#37abb8
1775,#37abb8
1782,#37abb8
1789,#37abb8
1791,#37abb8
1795,#37abb8
1796,#37abb8
1799,#37abb8
1800,#37abb8
1810,#37abb8
1813,#37abb8
1819,#37abb8
1823,#37abb8
1827,#37abb8
1833,#37abb8
1835,#37abb8
1836,#37abb8
1845,#37abb8
1846,#37abb8
1851,#37abb8
1861,#37abb8
1867,#37abb8
1877,#37abb8
1886,#37abb8
1891,#37abb8
1909,#37abb8
1912,#6cad31
1915,#6cad31
1922,#6cad31
1923,#6cad31
1924,#6cad31
1930,#6cad31
1933,#6cad31
1934,#6cad31
1936,#6cad31
1937,#6cad31
1944,#6cad31
1949,#6cad31
1952,#6cad31
1956,#6cad31
1960,#6cad31
1961,#6cad31
1964,#6cad31
1965,#6cad31
1967,#6cad31
1969,#6cad31
1974,#6cad31
1975,#6cad31
1977,#6cad31
1978,#6cad31
1982,#6cad31
1988,#6cad31
1990,#6cad31
1992,#6cad31
1996,#6cad31
2008,#6cad31
2015,#6cad31
2017,#6cad31
2023,#6cad31
2029,#6cad31
2031,#6cad31
2034,#6cad31
2035,#6cad31
2036,#6cad31
2041,#6cad31
2047,#6cad31
2048,#6cad31
2049,#6cad31
2051,#6cad31
2066,#6cad31
2070,#6cad31
2076,#6cad31
2079,#6cad31
2080,#6cad31
2082,#6cad31
2085,#6cad31
2089,#6cad31
2091,#6cad31
2094,#6cad31
2099,#6cad31
2100,#6cad31
2105,#6cad31
2106,#6cad31
2107,#6cad31
2113,#6cad31
2114,#6cad31
2119,#6cad31
2120,#6cad31
2126,#6cad31
2129,#6cad31
2130,#6cad31
2141,#6cad31
2145,#6cad31
2146,#6cad31
2152,#6cad31
2155,#6cad31
2156,#6cad31
2158,#6cad31
2160,#6cad31
2162,#6cad31
2166,#6cad31
2167,#6cad31
2168,#6cad31
2170,#6cad31
2173,#6cad31
2175,#6cad31
2178,#6cad31
2181,#6cad31
2182,#6cad31
2185,#6cad31
2186,#6cad31
2193,#6cad31
2195,#6cad31
2197,#6cad31
2204,#6cad31
2205,#6cad31
2207,#6cad31
2209,#6cad31
2211,#6cad31
2214,#6cad31
2217,#6cad31
2219,#6cad31
2226,#6cad31
2227,#6cad31
2228,#6cad31
2230,#6cad31
2231,#6cad31
2232,#6cad31
2236,#6cad31
2238,#6cad31
2242,#6cad31
2245,#6cad31
2248,#6cad31
2251,#6cad31
2255,#6cad31
2256,#6cad31
2260,#6cad31
2263,#6cad31
2265,#6cad31
2269,#6cad31
2270,#6cad31
2272,#6cad31
2277,#6cad31
2281,#6cad31
2286,#6cad31
2291,#6cad31
2296,#6cad31
2298,#6cad31
2301,#6cad31
2310,#6cad31
2312,#6cad31
2313,#6cad31
2314,#6cad31
2316,#6cad31
2317,#6cad31
2318,#6cad31
2320,#6cad31
2321,#6cad31
2322,#6cad31
2325,#6cad31
2335,#6cad31
2341,#6cad31
2342,#6cad31
2345,#6cad31
2349,#6cad31
2357,#6cad31
2358,#6cad31
2360,#6cad31
2361,#6cad31
2362,#6cad31
2366,#6cad31
2367,#6cad31
2371,#6cad31
2373,#6cad31
2375,#6cad31
2379,#6cad31
2380,#6cad31
2382,#6cad31
2388,#6cad31
2397,#6cad31
2401,#6cad31
2402,#6cad31
2403,#6cad31
2405,#6cad31
2406,#6cad31
2411,#6cad31
2412,#6cad31
2416,#6cad31
2421,#6cad31
2422,#6cad31
2424,#6cad31
2425,#6cad31
2426,#6cad31
2431,#6cad31
2437,#6cad31
2439,#6cad31
2440,#6cad31
2441,#6cad31
2444,#6cad31
2448,#6cad31
2450,#6cad31
2452,#6cad31
2453,#6cad31
2455,#6cad31
2456,#6cad31
2457,#6cad31
2466,#6cad31
2470,#6cad31
2473,#6cad31
2474,#6cad31
2480,#6cad31
2481,#6cad31
2483,#6cad31
2486,#6cad31
2487,#6cad31
2488,#6cad31
2490,#6cad31
2493,#6cad31
2497,#6cad31
2503,#6cad31
2505,#6cad31
2513,#6cad31
2514,#6cad31
2515,#6cad31
2517,#6cad31
2523,#6cad31
2525,#6cad31
2527,#6cad31
2528,#6cad31
2534,#6cad31
2535,#6cad31
2540,#6cad31
2541,#6cad31
2548,#6cad31
2557,#6cad31
2558,#6cad31
2562,#6cad31
2565,#6cad31
2566,#6cad31
2568,#6cad31
2569,#6cad31
2570,#6cad31
2577,#6cad31
2580,#6cad31
2581,#6cad31
2587,#6cad31
2595,#6cad31
2596,#6cad31
2610,#6cad31
2612,#6cad31
2614,#6cad31
2618,#6cad31
2621,#6cad31
2622,#6cad31
2628,#6cad31
2632,#6cad31
2634,#6cad31
2637,#6cad31
2641,#6cad31
2644,#6cad31
2650,#6cad31
2651,#6cad31
2656,#6cad31
1914,#f66ab5
1919,#f66ab5
1921,#f66ab5
1927,#f66ab5
1928,#f66ab5
1931,#f66ab5
1935,#f66ab5
1950,#f66ab5
1951,#f66ab5
1957,#f66ab5
1958,#f66ab5
1968,#f66ab5
1972,#f66ab5
1973,#f66ab5
1976,#f66ab5
1980,#f66ab5
1991,#f66ab5
1995,#f66ab5
1998,#f66ab5
1999,#f66ab5
2000,#f66ab5
2001,#f66ab5
2004,#f66ab5
2006,#f66ab5
2009,#f66ab5
2011,#f66ab5
2012,#f66ab5
2013,#f66ab5
2014,#f66ab5
2016,#f66ab5
2018,#f66ab5
2022,#f66ab5
2024,#f66ab5
2025,#f66ab5
2027,#f66ab5
2050,#f66ab5
2061,#f66ab5
2097,#f66ab5
2116,#f66ab5
2157,#f66ab5
2159,#f66ab5
2171,#f66ab5
2192,#f66ab5
2202,#f66ab5
2225,#f66ab5
2284,#f66ab5
2297,#f66ab5
2337,#f66ab5
2346,#f66ab5
2364,#f66ab5
2365,#f66ab5
2378,#f66ab5
2389,#f66ab5
2435,#f66ab5
2447,#f66ab5
2459,#f66ab5
2494,#f66ab5
2531,#f66ab5
2538,#f66ab5
2583,#f66ab5
2585,#f66ab5
2620,#f66ab5
2626,#f66ab5
2627,#f66ab5
2633,#f66ab5
2636,#f66ab5
2639,#f66ab5
2640,#f66ab5
2645,#f66ab5
2647,#f66ab5
2648,#f66ab5
2657,#f66ab5
2658,#f66ab5
2659,#f66ab5
2660,#f66ab5
1917,#39a7d0
1979,#39a7d0
1986,#39a7d0
2005,#39a7d0
2045,#39a7d0
2055,#39a7d0
2074,#39a7d0
2077,#39a7d0
2083,#39a7d0
2112,#39a7d0
2115,#39a7d0
2122,#39a7d0
2136,#39a7d0
2179,#39a7d0
2188,#39a7d0
2200,#39a7d0
2216,#39a7d0
2220,#39a7d0
2257,#39a7d0
2258,#39a7d0
2278,#39a7d0
2287,#39a7d0
2307,#39a7d0
2323,#39a7d0
2359,#39a7d0
2363,#39a7d0
2370,#39a7d0
2376,#39a7d0
2404,#39a7d0
2407,#39a7d0
2414,#39a7d0
2418,#39a7d0
2423,#39a7d0
2477,#39a7d0
2504,#39a7d0
2539,#39a7d0
2553,#39a7d0
2575,#39a7d0
2600,#39a7d0
2625,#39a7d0
2638,#39a7d0
1918,#36ada4
1925,#36ada4
1929,#36ada4
1962,#36ada4
1971,#36ada4
1984,#36ada4
1993,#36ada4
1997,#36ada4
2021,#36ada4
2030,#36ada4
2033,#36ada4
2043,#36ada4
2046,#36ada4
2059,#36ada4
2073,#36ada4
2078,#36ada4
2088,#36ada4
2090,#36ada4
2095,#36ada4
2108,#36ada4
2109,#36ada4
2124,#36ada4
2140,#36ada4
2164,#36ada4
2165,#36ada4
2172,#36ada4
2190,#36ada4
2201,#36ada4
2206,#36ada4
2212,#36ada4
2213,#36ada4
2218,#36ada4
2233,#36ada4
2240,#36ada4
2261,#36ada4
2271,#36ada4
2275,#36ada4
2276,#36ada4
2290,#36ada4
2299,#36ada4
2309,#36ada4
2324,#36ada4
2329,#36ada4
2331,#36ada4
2340,#36ada4
2352,#36ada4
2353,#36ada4
2369,#36ada4
2374,#36ada4
2381,#36ada4
2386,#36ada4
2433,#36ada4
2464,#36ada4
2467,#36ada4
2484,#36ada4
2485,#36ada4
2492,#36ada4
2495,#36ada4
2500,#36ada4
2532,#36ada4
2536,#36ada4
2542,#36ada4
2546,#36ada4
2549,#36ada4
2551,#36ada4
2552,#36ada4
2554,#36ada4
2559,#36ada4
2563,#36ada4
2574,#36ada4
2586,#36ada4
2590,#36ada4
2591,#36ada4
2593,#36ada4
2602,#36ada4
2607,#36ada4
2613,#36ada4
2615,#36ada4
2624,#36ada4
2630,#36ada4
2654,#36ada4
2655,#36ada4
1938,#f77732
1943,#f77732
1946,#f77732
1953,#f77732
1963,#f77732
1985,#f77732
2058,#f77732
2063,#f77732
2064,#f77732
2086,#f77732
2093,#f77732
2103,#f77732
2104,#f77732
2118,#f77732
2121,#f77732
2123,#f77732
2131,#f77732
2139,#f77732
2150,#f77732
2154,#f77732
2184,#f77732
2237,#f77732
2244,#f77732
2253,#f77732
2306,#f77732
2308,#f77732
2311,#f77732
2326,#f77732
2334,#f77732
2339,#f77732
2348,#f77732
2354,#f77732
2356,#f77732
2383,#f77732
2395,#f77732
2408,#f77732
2409,#f77732
2428,#f77732
2429,#f77732
2430,#f77732
2446,#f77732
2460,#f77732
2482,#f77732
2489,#f77732
2507,#f77732
2521,#f77732
2560,#f77732
2564,#f77732
2578,#f77732
2601,#f77732
2604,#f77732
2623,#f77732
2646,#f77732
1942,#5a9ef4
1966,#5a9ef4
1983,#5a9ef4
1989,#5a9ef4
2019,#5a9ef4
2020,#5a9ef4
2037,#5a9ef4
2040,#5a9ef4
2044,#5a9ef4
2056,#5a9ef4
2060,#5a9ef4
2067,#5a9ef4
2069,#5a9ef4
2084,#5a9ef4
2092,#5a9ef4
2098,#5a9ef4
2142,#5a9ef4
2147,#5a9ef4
2210,#5a9ef4
2229,#5a9ef4
2234,#5a9ef4
2262,#5a9ef4
2266,#5a9ef4
2288,#5a9ef4
2300,#5a9ef4
2303,#5a9ef4
2350,#5a9ef4
2387,#5a9ef4
2391,#5a9ef4
2392,#5a9ef4
2393,#5a9ef4
2410,#5a9ef4
2427,#5a9ef4
2442,#5a9ef4
2443,#5a9ef4
2449,#5a9ef4
2454,#5a9ef4
2462,#5a9ef4
2468,#5a9ef4
2469,#5a9ef4
2476,#5a9ef4
2478,#5a9ef4
2499,#5a9ef4
2506,#5a9ef4
2520,#5a9ef4
2524,#5a9ef4
2526,#5a9ef4
2545,#5a9ef4
2550,#5a9ef4
2556,#5a9ef4
2561,#5a9ef4
2573,#5a9ef4
2576,#5a9ef4
2579,#5a9ef4
2584,#5a9ef4
2606,#5a9ef4
2611,#5a9ef4
2619,#5a9ef4
2631,#5a9ef4
2663,#a48cf4
2664,#a48cf4
2666,#a48cf4
2669,#a48cf4
2673,#a48cf4
2676,#a48cf4
2679,#a48cf4
2680,#a48cf4
2681,#a48cf4
2683,#a48cf4
2689,#a48cf4
2694,#a48cf4
2695,#a48cf4
2698,#a48cf4
2705,#a48cf4
2706,#a48cf4
2710,#a48cf4
2717,#a48cf4
2726,#a48cf4
2729,#a48cf4
2731,#a48cf4
2738,#a48cf4
2741,#a48cf4
2743,#a48cf4
2745,#a48cf4
2746,#a48cf4
2749,#a48cf4
2750,#a48cf4
2754,#a48cf4
2755,#a48cf4
2756,#a48cf4
2757,#a48cf4
2759,#a48cf4
2761,#a48cf4
2763,#a48cf4
2766,#a48cf4
2769,#a48cf4
2773,#a48cf4
2777,#a48cf4
2782,#a48cf4
2786,#a48cf4
2789,#a48cf4
2794,#a48cf4
2798,#a48cf4
2800,#a48cf4
2806,#a48cf4
2807,#a48cf4
2809,#a48cf4
2810,#a48cf4
2815,#a48cf4
2821,#a48cf4
2827,#a48cf4
2835,#a48cf4
2837,#a48cf4
2839,#a48cf4
2850,#a48cf4
2851,#a48cf4
2852,#a48cf4
2854,#a48cf4
2862,#a48cf4
2864,#a48cf4
2866,#a48cf4
2867,#a48cf4
2872,#a48cf4
2873,#a48cf4
2874,#a48cf4
2877,#a48cf4
2880,#a48cf4
2884,#a48cf4
2887,#a48cf4
2888,#a48cf4
2890,#a48cf4
2891,#a48cf4
2896,#a48cf4
2897,#a48cf4
2905,#a48cf4
2906,#a48cf4
2907,#a48cf4
2908,#a48cf4
2909,#a48cf4
2910,#a48cf4
2911,#a48cf4
2912,#a48cf4
2913,#a48cf4
2915,#a48cf4
2916,#a48cf4
2917,#a48cf4
2919,#a48cf4
2920,#a48cf4
2924,#a48cf4
2925,#a48cf4
2927,#a48cf4
2928,#a48cf4
2929,#a48cf4
2931,#a48cf4
2933,#a48cf4
2940,#a48cf4
2943,#a48cf4
2944,#a48cf4
2945,#a48cf4
2946,#a48cf4
2948,#a48cf4
2953,#a48cf4
2956,#a48cf4
2960,#a48cf4
2961,#a48cf4
2963,#a48cf4
2966,#a48cf4
2967,#a48cf4
2969,#a48cf4
2974,#a48cf4
2977,#a48cf4
2978,#a48cf4
2981,#a48cf4
2985,#a48cf4
2986,#a48cf4
2987,#a48cf4
2988,#a48cf4
2993,#a48cf4
2994,#a48cf4
3000,#a48cf4
3004,#a48cf4
3010,#a48cf4
3014,#a48cf4
3022,#a48cf4
3023,#a48cf4
3025,#a48cf4
3026,#a48cf4
3029,#a48cf4
3030,#a48cf4
3033,#a48cf4
3036,#a48cf4
3040,#a48cf4
3042,#a48cf4
3044,#a48cf4
3047,#a48cf4
3052,#a48cf4
3054,#a48cf4
3056,#a48cf4
3064,#a48cf4
3065,#a48cf4
3073,#a48cf4
3078,#a48cf4
3080,#a48cf4
3084,#a48cf4
3085,#a48cf4
3090,#a48cf4
3092,#a48cf4
3095,#a48cf4
3096,#a48cf4
3098,#a48cf4
3104,#a48cf4
3105,#a48cf4
3108,#a48cf4
3114,#a48cf4
3117,#a48cf4
3119,#a48cf4
3123,#a48cf4
3129,#a48cf4
3130,#a48cf4
3135,#a48cf4
3137,#a48cf4
3139,#a48cf4
3142,#a48cf4
3149,#a48cf4
3153,#a48cf4
3158,#a48cf4
3163,#a48cf4
3166,#a48cf4
3174,#a48cf4
3184,#a48cf4
3193,#a48cf4
3195,#a48cf4
3202,#a48cf4
3213,#a48cf4
3220,#a48cf4
3226,#a48cf4
3227,#a48cf4
3228,#a48cf4
3229,#a48cf4
3231,#a48cf4
3232,#a48cf4
3234,#a48cf4
3237,#a48cf4
3238,#a48cf4
3243,#a48cf4
3250,#a48cf4
3257,#a48cf4
3269,#a48cf4
3284,#a48cf4
3286,#a48cf4
3293,#a48cf4
3294,#a48cf4
3300,#a48cf4
3301,#a48cf4
3303,#a48cf4
3304,#a48cf4
3315,#a48cf4
3317,#a48cf4
3324,#a48cf4
3333,#a48cf4
3339,#a48cf4
3348,#a48cf4
3362,#a48cf4
3363,#a48cf4
3364,#a48cf4
3384,#a48cf4
3387,#a48cf4
3388,#a48cf4
3390,#a48cf4
3392,#a48cf4
3394,#a48cf4
3399,#a48cf4
3400,#a48cf4
3414,#a48cf4
3417,#a48cf4
3426,#a48cf4
3428,#a48cf4
3430,#a48cf4
3433,#a48cf4
3435,#a48cf4
3436,#a48cf4
