id,color
0,#2962ff
1,#2962ff
2,#2962ff
3,#2962ff
4,#2962ff
5,#2962ff
6,#2962ff
7,#9500ff
8,#2962ff
9,#2962ff
10,#2962ff
11,#2962ff
12,#2962ff
13,#2962ff
14,#2962ff
15,#2962ff
16,#2962ff
17,#2962ff
18,#2962ff
19,#2962ff
20,#2962ff
21,#9500ff
22,#2962ff
23,#2962ff
24,#2962ff
25,#2962ff
26,#2962ff
27,#2962ff
28,#2962ff
29,#2962ff
30,#2962ff
31,#2962ff
32,#2962ff
33,#2962ff
34,#2962ff
35,#2962ff
36,#2962ff
37,#2962ff
38,#2962ff
39,#2962ff
40,#2962ff
41,#2962ff
42,#2962ff
43,#2962ff
44,#2962ff
45,#2962ff
46,#2962ff
47,#2962ff
48,#2962ff
49,#2962ff
50,#2962ff
51,#2962ff
52,#2962ff
53,#2962ff
54,#2962ff
55,#2962ff
56,#9500ff
57,#2962ff
58,#0ad2ff
59,#2962ff
60,#2962ff
61,#2962ff
62,#2962ff
63,#2962ff
64,#2962ff
65,#2962ff
66,#2962ff
67,#9500ff
68,#2962ff
69,#2962ff
70,#2962ff
71,#2962ff
72,#2962ff
73,#2962ff
74,#2962ff
75,#2962ff
76,#2962ff
77,#2962ff
78,#2962ff
79,#2962ff
80,#2962ff
81,#2962ff
82,#2962ff
83,#2962ff
84,#2962ff
85,#2962ff
86,#2962ff
87,#9500ff
88,#2962ff
89,#2962ff
90,#2962ff
91,#2962ff
92,#2962ff
93,#2962ff
94,#2962ff
95,#2962ff
96,#2962ff
97,#2962ff
98,#2962ff
99,#2962ff
100,#2962ff
101,#2962ff
102,#2962ff
103,#9500ff
104,#2962ff
105,#2962ff
106,#2962ff
107,#2962ff
108,#2962ff
109,#2962ff
110,#2962ff
111,#2962ff
112,#2962ff
113,#2962ff
114,#2962ff
115,#2962ff
116,#2962ff
117,#2962ff
118,#2962ff
119,#2962ff
120,#9500ff
121,#2962ff
122,#9500ff
123,#2962ff
124,#2962ff
125,#9500ff
126,#2962ff
127,#2962ff
128,#2962ff
129,#2962ff
130,#2962ff
131,#2962ff
132,#2962ff
133,#2962ff
134,#2962ff
135,#2962ff
136,#9500ff
137,#2962ff
138,#2962ff
139,#2962ff
140,#2962ff
141,#2962ff
142,#2962ff
143,#2962ff
144,#2962ff
145,#2962ff
146,#9500ff
147,#2962ff
148,#2962ff
149,#2962ff
150,#2962ff
151,#2962ff
152,#2962ff
153,#2962ff
154,#2962ff
155,#2962ff
156,#9500ff
157,#2962ff
158,#2962ff
159,#2962ff
160,#2962ff
161,#2962ff
162,#2962ff
163,#2962ff
164,#2962ff
165,#2962ff
166,#2962ff
167,#2962ff
168,#2962ff
169,#9500ff
170,#2962ff
171,#2962ff
172,#2962ff
173,#2962ff
174,#2962ff
175,#2962ff
176,#2962ff
177,#2962ff
178,#2962ff
179,#2962ff
180,#2962ff
181,#2962ff
182,#2962ff
183,#2962ff
184,#2962ff
185,#2962ff
186,#2962ff
187,#2962ff
188,#2962ff
189,#2962ff
190,#2962ff
191,#2962ff
192,#2962ff
193,#2962ff
194,#2962ff
195,#2962ff
196,#2962ff
197,#2962ff
198,#2962ff
199,#2962ff
200,#2962ff
201,#2962ff
202,#2962ff
203,#2962ff
204,#2962ff
205,#2962ff
206,#2962ff
207,#2962ff
208,#2962ff
209,#2962ff
210,#2962ff
211,#2962ff
212,#2962ff
213,#9500ff
214,#2962ff
215,#2962ff
216,#2962ff
217,#2962ff
218,#2962ff
219,#2962ff
220,#2962ff
221,#2962ff
222,#2962ff
223,#2962ff
224,#2962ff
225,#2962ff
226,#2962ff
227,#2962ff
228,#2962ff
229,#2962ff
230,#2962ff
231,#2962ff
232,#2962ff
233,#2962ff
234,#2962ff
235,#2962ff
236,#2962ff
237,#2962ff
238,#2962ff
239,#2962ff
240,#2962ff
241,#2962ff
242,#2962ff
243,#2962ff
244,#2962ff
245,#2962ff
246,#9500ff
247,#2962ff
248,#2962ff
249,#2962ff
250,#2962ff
251,#2962ff
252,#2962ff
253,#2962ff
254,#2962ff
255,#2962ff
256,#2962ff
257,#2962ff
258,#2962ff
259,#2962ff
260,#2962ff
261,#2962ff
262,#2962ff
263,#2962ff
264,#2962ff
265,#2962ff
266,#2962ff
267,#2962ff
268,#2962ff
269,#2962ff
270,#2962ff
271,#2962ff
272,#2962ff
273,#2962ff
274,#2962ff
275,#2962ff
276,#2962ff
277,#2962ff
278,#2962ff
279,#2962ff
280,#2962ff
281,#2962ff
282,#2962ff
283,#2962ff
284,#2962ff
285,#9500ff
286,#2962ff
287,#2962ff
288,#2962ff
289,#2962ff
290,#2962ff
291,#2962ff
292,#2962ff
293,#2962ff
294,#2962ff
295,#2962ff
296,#2962ff
297,#2962ff
298,#2962ff
299,#2962ff
300,#2962ff
301,#2962ff
302,#2962ff
303,#2962ff
304,#9500ff
305,#2962ff
306,#2962ff
307,#2962ff
308,#9500ff
309,#2962ff
310,#2962ff
311,#2962ff
312,#2962ff
313,#2962ff
314,#2962ff
315,#9500ff
316,#2962ff
317,#2962ff
318,#2962ff
319,#2962ff
320,#2962ff
321,#2962ff
322,#9500ff
323,#2962ff
324,#9500ff
325,#2962ff
326,#2962ff
327,#2962ff
328,#2962ff
329,#2962ff
330,#2962ff
331,#2962ff
332,#2962ff
333,#2962ff
334,#2962ff
335,#2962ff
336,#2962ff
337,#2962ff
338,#2962ff
339,#9500ff
340,#2962ff
341,#2962ff
342,#2962ff
343,#2962ff
344,#2962ff
345,#2962ff
346,#2962ff
347,#2962ff
348,#2962ff
349,#2962ff
350,#2962ff
351,#2962ff
352,#2962ff
353,#2962ff
354,#2962ff
355,#2962ff
356,#2962ff
357,#2962ff
358,#2962ff
359,#2962ff
360,#2962ff
361,#2962ff
362,#2962ff
363,#2962ff
364,#2962ff
365,#2962ff
366,#2962ff
367,#2962ff
368,#2962ff
369,#2962ff
370,#2962ff
371,#2962ff
372,#2962ff
373,#2962ff
374,#2962ff
375,#2962ff
376,#2962ff
377,#2962ff
378,#2962ff
379,#2962ff
380,#2962ff
381,#2962ff
382,#2962ff
383,#2962ff
384,#2962ff
385,#2962ff
386,#2962ff
387,#2962ff
388,#2962ff
389,#2962ff
390,#2962ff
391,#2962ff
392,#2962ff
393,#2962ff
394,#2962ff
395,#2962ff
396,#2962ff
397,#2962ff
398,#2962ff
399,#2962ff
400,#2962ff
401,#2962ff
402,#2962ff
403,#2962ff
404,#2962ff
405,#2962ff
406,#2962ff
407,#2962ff
408,#2962ff
409,#2962ff
410,#2962ff
411,#2962ff
412,#2962ff
413,#2962ff
414,#2962ff
415,#2962ff
416,#2962ff
417,#2962ff
418,#2962ff
419,#2962ff
420,#2962ff
421,#2962ff
422,#2962ff
423,#2962ff
424,#2962ff
425,#2962ff
426,#2962ff
427,#2962ff
428,#2962ff
429,#2962ff
430,#2962ff
431,#2962ff
432,#2962ff
433,#2962ff
434,#2962ff
435,#2962ff
436,#2962ff
437,#2962ff
438,#2962ff
439,#2962ff
440,#2962ff
441,#2962ff
442,#2962ff
443,#2962ff
444,#2962ff
445,#2962ff
446,#2962ff
447,#2962ff
448,#2962ff
449,#2962ff
450,#2962ff
451,#2962ff
452,#2962ff
453,#2962ff
454,#2962ff
455,#2962ff
456,#2962ff
457,#2962ff
458,#2962ff
459,#2962ff
460,#2962ff
461,#2962ff
462,#2962ff
463,#2962ff
464,#2962ff
465,#2962ff
466,#2962ff
467,#2962ff
468,#2962ff
469,#2962ff
470,#2962ff
471,#2962ff
472,#2962ff
473,#2962ff
474,#2962ff
475,#2962ff
476,#2962ff
477,#2962ff
478,#2962ff
479,#2962ff
480,#2962ff
481,#2962ff
482,#2962ff
483,#2962ff
484,#2962ff
485,#2962ff
486,#2962ff
487,#2962ff
488,#2962ff
489,#2962ff
490,#2962ff
491,#2962ff
492,#2962ff
493,#2962ff
494,#2962ff
495,#2962ff
496,#2962ff
497,#2962ff
498,#2962ff
499,#2962ff
500,#2962ff
501,#2962ff
502,#2962ff
503,#2962ff
504,#2962ff
505,#2962ff
506,#2962ff
507,#2962ff
508,#2962ff
509,#2962ff
510,#2962ff
511,#2962ff
512,#2962ff
513,#2962ff
514,#2962ff
515,#2962ff
516,#2962ff
517,#2962ff
518,#2962ff
519,#2962ff
520,#2962ff
521,#2962ff
522,#2962ff
523,#2962ff
524,#2962ff
525,#2962ff
526,#ff8c00
527,#2962ff
528,#2962ff
529,#2962ff
530,#2962ff
531,#2962ff
532,#2962ff
533,#2962ff
534,#2962ff
535,#2962ff
536,#2962ff
537,#2962ff
538,#2962ff
539,#2962ff
540,#2962ff
541,#2962ff
542,#2962ff
543,#2962ff
544,#2962ff
545,#2962ff
546,#2962ff
547,#2962ff
548,#2962ff
549,#2962ff
550,#2962ff
551,#2962ff
552,#2962ff
553,#2962ff
554,#2962ff
555,#2962ff
556,#2962ff
557,#2962ff
558,#2962ff
559,#2962ff
560,#2962ff
561,#2962ff
562,#2962ff
563,#2962ff
564,#2962ff
565,#2962ff
566,#2962ff
567,#2962ff
568,#2962ff
569,#2962ff
570,#2962ff
571,#2962ff
572,#2962ff
573,#2962ff
574,#2962ff
575,#2962ff
576,#2962ff
577,#2962ff
578,#2962ff
579,#2962ff
580,#2962ff
581,#2962ff
582,#2962ff
583,#2962ff
584,#2962ff
585,#2962ff
586,#2962ff
587,#2962ff
588,#2962ff
589,#2962ff
590,#2962ff
591,#2962ff
592,#2962ff
593,#2962ff
594,#2962ff
595,#2962ff
596,#2962ff
597,#2962ff
598,#2962ff
599,#2962ff
600,#2962ff
601,#2962ff
602,#2962ff
603,#2962ff
604,#2962ff
605,#2962ff
606,#2962ff
607,#2962ff
608,#2962ff
609,#2962ff
610,#2962ff
611,#2962ff
612,#2962ff
613,#2962ff
614,#2962ff
615,#2962ff
616,#2962ff
617,#2962ff
618,#2962ff
619,#2962ff
620,#2962ff
621,#2962ff
622,#2962ff
623,#2962ff
624,#2962ff
625,#2962ff
626,#2962ff
627,#2962ff
628,#2962ff
629,#2962ff
630,#2962ff
631,#2962ff
632,#2962ff
633,#2962ff
634,#2962ff
635,#2962ff
636,#2962ff
637,#2962ff
638,#2962ff
639,#2962ff
640,#2962ff
641,#2962ff
642,#2962ff
643,#2962ff
644,#2962ff
645,#2962ff
646,#2962ff
647,#2962ff
648,#2962ff
649,#2962ff
650,#2962ff
651,#2962ff
652,#2962ff
653,#2962ff
654,#2962ff
655,#2962ff
656,#2962ff
657,#2962ff
658,#2962ff
659,#2962ff
660,#2962ff
661,#2962ff
662,#2962ff
663,#2962ff
664,#2962ff
665,#2962ff
666,#2962ff
667,#2962ff
668,#2962ff
669,#2962ff
670,#2962ff
671,#2962ff
672,#2962ff
673,#2962ff
674,#2962ff
675,#2962ff
676,#2962ff
677,#2962ff
678,#2962ff
679,#2962ff
680,#2962ff
681,#2962ff
682,#2962ff
683,#2962ff
684,#2962ff
685,#2962ff
686,#0ad2ff
687,#0ad2ff
688,#0ad2ff
689,#0ad2ff
690,#0ad2ff
691,#0ad2ff
692,#0ad2ff
693,#0ad2ff
694,#0ad2ff
695,#0ad2ff
696,#0ad2ff
697,#0ad2ff
698,#0ad2ff
699,#0ad2ff
700,#0ad2ff
701,#0ad2ff
702,#0ad2ff
703,#0ad2ff
704,#0ad2ff
705,#0ad2ff
706,#0ad2ff
707,#0ad2ff
708,#0ad2ff
709,#0ad2ff
710,#0ad2ff
711,#0ad2ff
712,#0ad2ff
713,#0ad2ff
714,#0ad2ff
715,#0ad2ff
716,#0ad2ff
717,#0ad2ff
718,#0ad2ff
719,#0ad2ff
720,#0ad2ff
721,#0ad2ff
722,#0ad2ff
723,#0ad2ff
724,#0ad2ff
725,#0ad2ff
726,#0ad2ff
727,#0ad2ff
728,#0ad2ff
729,#0ad2ff
730,#0ad2ff
731,#0ad2ff
732,#0ad2ff
733,#0ad2ff
734,#0ad2ff
735,#0ad2ff
736,#0ad2ff
737,#0ad2ff
738,#0ad2ff
739,#0ad2ff
740,#0ad2ff
741,#0ad2ff
742,#0ad2ff
743,#0ad2ff
744,#0ad2ff
745,#0ad2ff
746,#0ad2ff
747,#0ad2ff
748,#0ad2ff
749,#0ad2ff
750,#0ad2ff
751,#0ad2ff
752,#0ad2ff
753,#0ad2ff
754,#0ad2ff
755,#0ad2ff
756,#0ad2ff
757,#0ad2ff
758,#0ad2ff
759,#0ad2ff
760,#0ad2ff
761,#0ad2ff
762,#0ad2ff
763,#0ad2ff
764,#0ad2ff
765,#0ad2ff
766,#0ad2ff
767,#0ad2ff
768,#0ad2ff
769,#0ad2ff
770,#0ad2ff
771,#0ad2ff
772,#0ad2ff
773,#0ad2ff
774,#0ad2ff
775,#0ad2ff
776,#0ad2ff
777,#0ad2ff
778,#0ad2ff
779,#0ad2ff
780,#0ad2ff
781,#0ad2ff
782,#0ad2ff
783,#0ad2ff
784,#0ad2ff
785,#0ad2ff
786,#0ad2ff
787,#0ad2ff
788,#0ad2ff
789,#0ad2ff
790,#0ad2ff
791,#0ad2ff
792,#0ad2ff
793,#0ad2ff
794,#0ad2ff
795,#0ad2ff
796,#0ad2ff
797,#0ad2ff
798,#0ad2ff
799,#0ad2ff
800,#0ad2ff
801,#0ad2ff
802,#0ad2ff
803,#0ad2ff
804,#0ad2ff
805,#0ad2ff
806,#0ad2ff
807,#0ad2ff
808,#0ad2ff
809,#0ad2ff
810,#0ad2ff
811,#0ad2ff
812,#0ad2ff
813,#0ad2ff
814,#0ad2ff
815,#0ad2ff
816,#0ad2ff
817,#0ad2ff
818,#0ad2ff
819,#0ad2ff
820,#0ad2ff
821,#0ad2ff
822,#0ad2ff
823,#0ad2ff
824,#0ad2ff
825,#0ad2ff
826,#0ad2ff
827,#0ad2ff
828,#0ad2ff
829,#0ad2ff
830,#0ad2ff
831,#0ad2ff
832,#0ad2ff
833,#0ad2ff
834,#0ad2ff
835,#0ad2ff
836,#0ad2ff
837,#0ad2ff
838,#0ad2ff
839,#0ad2ff
840,#0ad2ff
841,#0ad2ff
842,#0ad2ff
843,#0ad2ff
844,#0ad2ff
845,#0ad2ff
846,#0ad2ff
847,#0ad2ff
848,#0ad2ff
849,#0ad2ff
850,#0ad2ff
851,#0ad2ff
852,#0ad2ff
853,#0ad2ff
854,#0ad2ff
855,#0ad2ff
856,#0ad2ff
857,#2962ff
858,#0ad2ff
859,#0ad2ff
860,#0ad2ff
861,#0ad2ff
862,#2962ff
863,#0ad2ff
864,#0ad2ff
865,#2962ff
866,#0ad2ff
867,#0ad2ff
868,#2962ff
869,#0ad2ff
870,#0ad2ff
871,#0ad2ff
872,#0ad2ff
873,#0ad2ff
874,#0ad2ff
875,#0ad2ff
876,#0ad2ff
877,#0ad2ff
878,#0ad2ff
879,#0ad2ff
880,#0ad2ff
881,#0ad2ff
882,#0ad2ff
883,#0ad2ff
884,#0ad2ff
885,#0ad2ff
886,#0ad2ff
887,#0ad2ff
888,#0ad2ff
889,#0ad2ff
890,#0ad2ff
891,#0ad2ff
892,#0ad2ff
893,#0ad2ff
894,#0ad2ff
895,#0ad2ff
896,#2962ff
897,#ff8c00
898,#2962ff
899,#2962ff
900,#2962ff
901,#2962ff
902,#2962ff
903,#2962ff
904,#2962ff
905,#2962ff
906,#ff8c00
907,#ff8c00
908,#2962ff
909,#2962ff
910,#2962ff
911,#2962ff
912,#2962ff
913,#2962ff
914,#2962ff
915,#2962ff
916,#ff8c00
917,#2962ff
918,#2962ff
919,#2962ff
920,#ff8c00
921,#ff8c00
922,#ff8c00
923,#2962ff
924,#2962ff
925,#ff8c00
926,#ff8c00
927,#ff8c00
928,#2962ff
929,#2962ff
930,#2962ff
931,#2962ff
932,#ff8c00
933,#2962ff
934,#ff8c00
935,#2962ff
936,#2962ff
937,#2962ff
938,#2962ff
939,#2962ff
940,#2962ff
941,#2962ff
942,#2962ff
943,#2962ff
944,#2962ff
945,#2962ff
946,#ff8c00
947,#ff8c00
948,#2962ff
949,#2962ff
950,#2962ff
951,#2962ff
952,#ff8c00
953,#ff8c00
954,#2962ff
955,#2962ff
956,#2962ff
957,#2962ff
958,#2962ff
959,#ff8c00
960,#ff8c00
961,#2962ff
962,#2962ff
963,#2962ff
964,#2962ff
965,#2962ff
966,#ff8c00
967,#ff8c00
968,#2962ff
969,#2962ff
970,#2962ff
971,#2962ff
972,#ff8c00
973,#2962ff
974,#2962ff
975,#2962ff
976,#2962ff
977,#2962ff
978,#ff8c00
979,#2962ff
980,#ff8c00
981,#2962ff
982,#ff8c00
983,#ff8c00
984,#2962ff
985,#2962ff
986,#2962ff
987,#2962ff
988,#2962ff
989,#2962ff
990,#0ad2ff
991,#ff8c00
992,#2962ff
993,#ff8c00
994,#2962ff
995,#ff8c00
996,#2962ff
997,#ff8c00
998,#ff8c00
999,#ff8c00
1000,#2962ff
1001,#2962ff
1002,#2962ff
1003,#ff8c00
1004,#ff8c00
1005,#2962ff
1006,#ff8c00
1007,#2962ff
1008,#2962ff
1009,#2962ff
1010,#2962ff
1011,#2962ff
1012,#2962ff
1013,#2962ff
1014,#2962ff
1015,#2962ff
1016,#2962ff
1017,#ff8c00
1018,#2962ff
1019,#2962ff
1020,#2962ff
1021,#2962ff
1022,#2962ff
1023,#2962ff
1024,#ff8c00
1025,#2962ff
1026,#ff8c00
1027,#2962ff
1028,#ff8c00
1029,#ff8c00
1030,#2962ff
1031,#2962ff
1032,#2962ff
1033,#2962ff
1034,#2962ff
1035,#2962ff
1036,#2962ff
1037,#2962ff
1038,#2962ff
1039,#ff8c00
1040,#ff8c00
1041,#2962ff
1042,#2962ff
1043,#2962ff
1044,#2962ff
1045,#2962ff
1046,#2962ff
1047,#ff8c00
1048,#ff8c00
1049,#ff8c00
1050,#2962ff
1051,#2962ff
1052,#2962ff
1053,#2962ff
1054,#ff8c00
1055,#2962ff
1056,#ff8c00
1057,#2962ff
1058,#2962ff
1059,#ff8c00
1060,#2962ff
1061,#2962ff
1062,#2962ff
1063,#ff8c00
1064,#2962ff
1065,#2962ff
1066,#2962ff
1067,#2962ff
1068,#ff8c00
1069,#ff8c00
1070,#2962ff
1071,#2962ff
1072,#2962ff
1073,#2962ff
1074,#ff8c00
1075,#ff8c00
1076,#ff8c00
1077,#2962ff
1078,#ff8c00
1079,#ff8c00
1080,#2962ff
1081,#2962ff
1082,#2962ff
1083,#ff8c00
1084,#ff8c00
1085,#2962ff
1086,#ff8c00
1087,#2962ff
1088,#2962ff
1089,#2962ff
1090,#2962ff
1091,#ff8c00
1092,#ff8c00
1093,#2962ff
1094,#2962ff
1095,#2962ff
1096,#2962ff
1097,#2962ff
1098,#2962ff
1099,#2962ff
1100,#2962ff
1101,#ff8c00
1102,#2962ff
1103,#2962ff
1104,#2962ff
1105,#2962ff
1106,#2962ff
1107,#ff8c00
1108,#2962ff
1109,#2962ff
1110,#ff8c00
1111,#2962ff
1112,#ff8c00
1113,#2962ff
1114,#2962ff
1115,#2962ff
1116,#ff8c00
1117,#ff8c00
1118,#2962ff
1119,#2962ff
1120,#2962ff
1121,#2962ff
1122,#2962ff
1123,#ff8c00
1124,#ff8c00
1125,#ff8c00
1126,#ff8c00
1127,#2962ff
1128,#ff8c00
1129,#2962ff
1130,#ff8c00
1131,#2962ff
1132,#ff8c00
1133,#2962ff
1134,#2962ff
1135,#ff8c00
1136,#2962ff
1137,#2962ff
1138,#2962ff
1139,#2962ff
1140,#2962ff
1141,#2962ff
1142,#2962ff
1143,#2962ff
1144,#2962ff
1145,#2962ff
1146,#ff8c00
1147,#2962ff
1148,#2962ff
1149,#ff8c00
1150,#2962ff
1151,#2962ff
1152,#2962ff
1153,#ff8c00
1154,#2962ff
1155,#2962ff
1156,#ff8c00
1157,#2962ff
1158,#2962ff
1159,#2962ff
1160,#ff8c00
1161,#2962ff
1162,#2962ff
1163,#ff8c00
1164,#ff8c00
1165,#2962ff
1166,#2962ff
1167,#2962ff
1168,#2962ff
1169,#2962ff
1170,#2962ff
1171,#2962ff
1172,#ff8c00
1173,#ff8c00
1174,#2962ff
1175,#ff8c00
1176,#2962ff
1177,#2962ff
1178,#2962ff
1179,#2962ff
1180,#ff8c00
1181,#ff8c00
1182,#ff8c00
1183,#2962ff
1184,#ff8c00
1185,#ff8c00
1186,#2962ff
1187,#2962ff
1188,#2962ff
1189,#2962ff
1190,#2962ff
1191,#ff8c00
1192,#2962ff
1193,#2962ff
1194,#2962ff
1195,#ff8c00
1196,#ff8c00
1197,#2962ff
1198,#ff8c00
1199,#ff8c00
1200,#2962ff
1201,#ff8c00
1202,#2962ff
1203,#2962ff
1204,#2962ff
1205,#ff8c00
1206,#2962ff
1207,#ff8c00
1208,#2962ff
1209,#ff8c00
1210,#2962ff
1211,#ff8c00
1212,#2962ff
1213,#2962ff
1214,#ff8c00
1215,#2962ff
1216,#2962ff
1217,#2962ff
1218,#2962ff
1219,#ff8c00
1220,#ff8c00
1221,#2962ff
1222,#ff8c00
1223,#2962ff
1224,#2962ff
1225,#2962ff
1226,#2962ff
1227,#2962ff
1228,#2962ff
1229,#2962ff
1230,#ff8c00
1231,#2962ff
1232,#2962ff
1233,#2962ff
1234,#2962ff
1235,#2962ff
1236,#2962ff
1237,#2962ff
1238,#ff8c00
1239,#ff8c00
1240,#2962ff
1241,#2962ff
1242,#ff8c00
1243,#ff8c00
1244,#2962ff
1245,#2962ff
1246,#2962ff
1247,#2962ff
1248,#2962ff
1249,#2962ff
1250,#ff8c00
1251,#2962ff
1252,#2962ff
1253,#2962ff
1254,#2962ff
1255,#ff8c00
1256,#ff8c00
1257,#2962ff
1258,#2962ff
1259,#2962ff
1260,#2962ff
1261,#2962ff
1262,#2962ff
1263,#2962ff
1264,#2962ff
1265,#ff8c00
1266,#2962ff
1267,#ff8c00
1268,#2962ff
1269,#ff8c00
1270,#2962ff
1271,#ff8c00
1272,#ff8c00
1273,#2962ff
1274,#2962ff
1275,#2962ff
1276,#2962ff
1277,#2962ff
1278,#ff8c00
1279,#2962ff
1280,#ff8c00
1281,#2962ff
1282,#2962ff
1283,#ff8c00
1284,#2962ff
1285,#ff8c00
1286,#2962ff
1287,#ff8c00
1288,#ff8c00
1289,#ff8c00
1290,#ff8c00
1291,#ff8c00
1292,#2962ff
1293,#ff8c00
1294,#2962ff
1295,#2962ff
1296,#2962ff
1297,#2962ff
1298,#2962ff
1299,#2962ff
1300,#2962ff
1301,#2962ff
1302,#ff8c00
1303,#2962ff
1304,#2962ff
1305,#ff8c00
1306,#2962ff
1307,#2962ff
1308,#2962ff
1309,#2962ff
1310,#2962ff
1311,#2962ff
1312,#ff8c00
1313,#2962ff
1314,#2962ff
1315,#2962ff
1316,#2962ff
1317,#2962ff
1318,#2962ff
1319,#2962ff
1320,#2962ff
1321,#ff8c00
1322,#2962ff
1323,#ff8c00
1324,#2962ff
1325,#2962ff
1326,#2962ff
1327,#ff8c00
1328,#2962ff
1329,#ff8c00
1330,#ff8c00
1331,#ff8c00
1332,#2962ff
1333,#2962ff
1334,#ff8c00
1335,#ff8c00
1336,#ff8c00
1337,#2962ff
1338,#2962ff
1339,#ff8c00
1340,#ff8c00
1341,#ff8c00
1342,#2962ff
1343,#2962ff
1344,#ff8c00
1345,#2962ff
1346,#2962ff
1347,#2962ff
1348,#2962ff
1349,#2962ff
1350,#2962ff
1351,#ff8c00
1352,#ff8c00
1353,#2962ff
1354,#2962ff
1355,#2962ff
1356,#2962ff
1357,#2962ff
1358,#2962ff
1359,#ff8c00
1360,#2962ff
1361,#ff8c00
1362,#2962ff
1363,#2962ff
1364,#2962ff
1365,#ff8c00
1366,#2962ff
1367,#ff8c00
1368,#2962ff
1369,#ff8c00
1370,#ff8c00
1371,#2962ff
1372,#2962ff
1373,#2962ff
1374,#2962ff
1375,#ff8c00
1376,#ff8c00
1377,#ff8c00
1378,#2962ff
1379,#2962ff
1380,#ff8c00
1381,#2962ff
1382,#2962ff
1383,#2962ff
1384,#2962ff
1385,#2962ff
1386,#2962ff
1387,#2962ff
1388,#ff8c00
1389,#ff8c00
1390,#ff8c00
1391,#ff8c00
1392,#2962ff
1393,#ff8c00
1394,#2962ff
1395,#2962ff
1396,#2962ff
1397,#2962ff
1398,#ff8c00
1399,#ff8c00
1400,#2962ff
1401,#ff8c00
1402,#ff8c00
1403,#2962ff
1404,#2962ff
1405,#ff8c00
1406,#2962ff
1407,#ff8c00
1408,#2962ff
1409,#ff8c00
1410,#2962ff
1411,#ff8c00
1412,#2962ff
1413,#2962ff
1414,#2962ff
1415,#2962ff
1416,#ff8c00
1417,#2962ff
1418,#2962ff
1419,#2962ff
1420,#ff8c00
1421,#2962ff
1422,#2962ff
1423,#2962ff
1424,#2962ff
1425,#2962ff
1426,#2962ff
1427,#2962ff
1428,#2962ff
1429,#2962ff
1430,#2962ff
1431,#ff8c00
1432,#2962ff
1433,#2962ff
1434,#2962ff
1435,#ff8c00
1436,#2962ff
1437,#ff8c00
1438,#2962ff
1439,#ff8c00
1440,#ff8c00
1441,#2962ff
1442,#2962ff
1443,#2962ff
1444,#2962ff
1445,#2962ff
1446,#2962ff
1447,#ff8c00
1448,#2962ff
1449,#ff8c00
1450,#0ad2ff
1451,#2962ff
1452,#2962ff
1453,#2962ff
1454,#2962ff
1455,#2962ff
1456,#ff8c00
1457,#ff8c00
1458,#ff8c00
1459,#2962ff
1460,#ff8c00
1461,#2962ff
1462,#2962ff
1463,#ff8c00
1464,#2962ff
1465,#9500ff
1466,#2962ff
1467,#ff8c00
1468,#2962ff
1469,#2962ff
1470,#ff8c00
1471,#ff8c00
1472,#2962ff
1473,#2962ff
1474,#2962ff
1475,#2962ff
1476,#2962ff
1477,#2962ff
1478,#2962ff
1479,#2962ff
1480,#ff8c00
1481,#2962ff
1482,#2962ff
1483,#ff8c00
1484,#ff8c00
1485,#ff8c00
1486,#2962ff
1487,#2962ff
1488,#ff8c00
1489,#2962ff
1490,#2962ff
1491,#ff8c00
1492,#2962ff
1493,#2962ff
1494,#2962ff
1495,#2962ff
1496,#2962ff
1497,#ff8c00
1498,#2962ff
1499,#2962ff
1500,#2962ff
1501,#ff8c00
1502,#2962ff
1503,#2962ff
1504,#2962ff
1505,#0ad2ff
1506,#2962ff
1507,#2962ff
1508,#2962ff
1509,#ff8c00
1510,#2962ff
1511,#2962ff
1512,#2962ff
1513,#ff8c00
1514,#2962ff
1515,#2962ff
1516,#ff8c00
1517,#ff8c00
1518,#2962ff
1519,#ff8c00
1520,#ff8c00
1521,#2962ff
1522,#ff8c00
1523,#ff8c00
1524,#ff8c00
1525,#2962ff
1526,#2962ff
1527,#2962ff
1528,#ff8c00
1529,#2962ff
1530,#ff8c00
1531,#2962ff
1532,#ff8c00
1533,#2962ff
1534,#0ad2ff
1535,#ff8c00
1536,#2962ff
1537,#2962ff
1538,#ff8c00
1539,#ff8c00
1540,#ff8c00
1541,#2962ff
1542,#ff8c00
1543,#2962ff
1544,#2962ff
1545,#2962ff
1546,#2962ff
1547,#ff8c00
1548,#2962ff
1549,#2962ff
1550,#2962ff
1551,#ff8c00
1552,#2962ff
1553,#ff8c00
1554,#ff8c00
1555,#2962ff
1556,#ff8c00
1557,#ff8c00
1558,#2962ff
1559,#ff8c00
1560,#2962ff
1561,#ff8c00
1562,#2962ff
1563,#ff8c00
1564,#2962ff
1565,#2962ff
1566,#2962ff
1567,#2962ff
1568,#2962ff
1569,#2962ff
1570,#ff8c00
1571,#ff8c00
1572,#ff8c00
1573,#2962ff
1574,#2962ff
1575,#2962ff
1576,#2962ff
1577,#9500ff
1578,#2962ff
1579,#2962ff
1580,#ff8c00
1581,#2962ff
1582,#2962ff
1583,#2962ff
1584,#ff8c00
1585,#2962ff
1586,#2962ff
1587,#2962ff
1588,#2962ff
1589,#ff8c00
1590,#ff8c00
1591,#2962ff
1592,#2962ff
1593,#2962ff
1594,#ff8c00
1595,#2962ff
1596,#2962ff
1597,#ff8c00
1598,#ff8c00
1599,#2962ff
1600,#ff8c00
1601,#2962ff
1602,#2962ff
1603,#ff8c00
1604,#ff8c00
1605,#ff8c00
1606,#2962ff
1607,#2962ff
1608,#ff8c00
1609,#ff8c00
1610,#ff8c00
1611,#2962ff
1612,#ff8c00
1613,#ff8c00
1614,#ff8c00
1615,#2962ff
1616,#2962ff
1617,#ff8c00
1618,#ff8c00
1619,#ff8c00
1620,#ff8c00
1621,#ff8c00
1622,#ff8c00
1623,#ff8c00
1624,#2962ff
1625,#2962ff
1626,#ff8c00
1627,#2962ff
1628,#2962ff
1629,#2962ff
1630,#2962ff
1631,#2962ff
1632,#ff8c00
1633,#2962ff
1634,#2962ff
1635,#2962ff
1636,#2962ff
1637,#ff8c00
1638,#2962ff
1639,#ff8c00
1640,#2962ff
1641,#2962ff
1642,#0ad2ff
1643,#ff8c00
1644,#ff8c00
1645,#2962ff
1646,#ff8c00
1647,#2962ff
1648,#2962ff
1649,#2962ff
1650,#2962ff
1651,#ff8c00
1652,#ff8c00
1653,#ff8c00
1654,#2962ff
1655,#2962ff
1656,#2962ff
1657,#2962ff
1658,#2962ff
1659,#ff8c00
1660,#2962ff
1661,#2962ff
1662,#ff8c00
1663,#ff8c00
1664,#2962ff
1665,#ff8c00
1666,#0ad2ff
1667,#2962ff
1668,#ff8c00
1669,#ff8c00
1670,#2962ff
1671,#2962ff
1672,#2962ff
1673,#2962ff
1674,#ff8c00
1675,#ff8c00
1676,#2962ff
1677,#2962ff
1678,#ff8c00
1679,#2962ff
1680,#2962ff
1681,#2962ff
1682,#2962ff
1683,#ff8c00
1684,#0ad2ff
1685,#ff8c00
1686,#2962ff
1687,#2962ff
1688,#ff8c00
1689,#ff8c00
1690,#2962ff
1691,#2962ff
1692,#2962ff
1693,#2962ff
1694,#2962ff
1695,#2962ff
1696,#2962ff
1697,#2962ff
1698,#2962ff
1699,#2962ff
1700,#ff8c00
1701,#2962ff
1702,#ff8c00
1703,#2962ff
1704,#2962ff
1705,#2962ff
1706,#2962ff
1707,#ff8c00
1708,#2962ff
1709,#2962ff
1710,#ff8c00
1711,#2962ff
1712,#ff8c00
1713,#2962ff
1714,#ff8c00
1715,#2962ff
1716,#2962ff
1717,#ff8c00
1718,#9500ff
1719,#2962ff
1720,#2962ff
1721,#ff8c00
1722,#ff8c00
1723,#ff8c00
1724,#ff8c00
1725,#2962ff
1726,#0ad2ff
1727,#2962ff
1728,#2962ff
1729,#2962ff
1730,#ff8c00
1731,#2962ff
1732,#2962ff
1733,#2962ff
1734,#ff8c00
1735,#ff8c00
1736,#ff8c00
1737,#ff8c00
1738,#2962ff
1739,#2962ff
1740,#2962ff
1741,#ff8c00
1742,#2962ff
1743,#2962ff
1744,#2962ff
1745,#2962ff
1746,#ff8c00
1747,#2962ff
1748,#2962ff
1749,#2962ff
1750,#ff8c00
1751,#2962ff
1752,#ff8c00
1753,#ff8c00
1754,#ff8c00
1755,#2962ff
1756,#2962ff
1757,#ff8c00
1758,#2962ff
1759,#2962ff
1760,#2962ff
1761,#ff8c00
1762,#2962ff
1763,#2962ff
1764,#2962ff
1765,#ff8c00
1766,#2962ff
1767,#2962ff
1768,#ff8c00
1769,#ff8c00
1770,#2962ff
1771,#ff8c00
1772,#ff8c00
1773,#2962ff
1774,#ff8c00
1775,#ff8c00
1776,#2962ff
1777,#2962ff
1778,#2962ff
1779,#ff8c00
1780,#ff8c00
1781,#2962ff
1782,#ff8c00
1783,#2962ff
1784,#2962ff
1785,#2962ff
1786,#2962ff
1787,#2962ff
1788,#2962ff
1789,#ff8c00
1790,#2962ff
1791,#ff8c00
1792,#2962ff
1793,#ff8c00
1794,#2962ff
1795,#ff8c00
1796,#ff8c00
1797,#2962ff
1798,#2962ff
1799,#ff8c00
1800,#ff8c00
1801,#2962ff
1802,#2962ff
1803,#2962ff
1804,#ff8c00
1805,#ff8c00
1806,#2962ff
1807,#2962ff
1808,#2962ff
1809,#ff8c00
1810,#ff8c00
1811,#ff8c00
1812,#2962ff
1813,#ff8c00
1814,#2962ff
1815,#2962ff
1816,#ff8c00
1817,#2962ff
1818,#2962ff
1819,#ff8c00
1820,#2962ff
1821,#ff8c00
1822,#2962ff
1823,#ff8c00
1824,#2962ff
1825,#2962ff
1826,#ff8c00
1827,#ff8c00
1828,#2962ff
1829,#2962ff
1830,#2962ff
1831,#2962ff
1832,#ff8c00
1833,#ff8c00
1834,#2962ff
1835,#ff8c00
1836,#ff8c00
1837,#2962ff
1838,#2962ff
1839,#ff8c00
1840,#2962ff
1841,#2962ff
1842,#ff8c00
1843,#ff8c00
1844,#2962ff
1845,#ff8c00
1846,#ff8c00
1847,#2962ff
1848,#2962ff
1849,#ff8c00
1850,#2962ff
1851,#ff8c00
1852,#ff8c00
1853,#2962ff
1854,#2962ff
1855,#2962ff
1856,#2962ff
1857,#2962ff
1858,#ff8c00
1859,#2962ff
1860,#ff8c00
1861,#ff8c00
1862,#2962ff
1863,#ff8c00
1864,#ff8c00
1865,#2962ff
1866,#2962ff
1867,#ff8c00
1868,#ff8c00
1869,#2962ff
1870,#2962ff
1871,#2962ff
1872,#2962ff
1873,#2962ff
1874,#ff8c00
1875,#2962ff
1876,#2962ff
1877,#ff8c00
1878,#2962ff
1879,#ff8c00
1880,#2962ff
1881,#2962ff
1882,#2962ff
1883,#ff8c00
1884,#2962ff
1885,#ff8c00
1886,#ff8c00
1887,#2962ff
1888,#ff8c00
1889,#2962ff
1890,#2962ff
1891,#ff8c00
1892,#2962ff
1893,#2962ff
1894,#2962ff
1895,#2962ff
1896,#2962ff
1897,#2962ff
1898,#ff8c00
1899,#2962ff
1900,#ff8c00
1901,#2962ff
1902,#ff8c00
1903,#2962ff
1904,#2962ff
1905,#2962ff
1906,#2962ff
1907,#2962ff
1908,#2962ff
1909,#ff8c00
1910,#2962ff
1911,#ff8c00
1912,#9500ff
1913,#9500ff
1914,#9500ff
1915,#9500ff
1916,#9500ff
1917,#ff0059
1918,#ff0059
1919,#9500ff
1920,#9500ff
1921,#9500ff
1922,#9500ff
1923,#9500ff
1924,#9500ff
1925,#ff0059
1926,#9500ff
1927,#9500ff
1928,#9500ff
1929,#ff0059
1930,#9500ff
1931,#9500ff
1932,#9500ff
1933,#9500ff
1934,#9500ff
1935,#9500ff
1936,#9500ff
1937,#9500ff
1938,#ff0059
1939,#9500ff
1940,#9500ff
1941,#9500ff
1942,#ff0059
1943,#ff0059
1944,#9500ff
1945,#9500ff
1946,#ff0059
1947,#9500ff
1948,#9500ff
1949,#9500ff
1950,#9500ff
1951,#9500ff
1952,#9500ff
1953,#ff0059
1954,#9500ff
1955,#9500ff
1956,#9500ff
1957,#9500ff
1958,#9500ff
1959,#9500ff
1960,#9500ff
1961,#9500ff
1962,#ff0059
1963,#ff0059
1964,#9500ff
1965,#9500ff
1966,#ff0059
1967,#9500ff
1968,#9500ff
1969,#9500ff
1970,#9500ff
1971,#ff0059
1972,#9500ff
1973,#9500ff
1974,#9500ff
1975,#9500ff
1976,#9500ff
1977,#9500ff
1978,#9500ff
1979,#ff0059
1980,#9500ff
1981,#9500ff
1982,#9500ff
1983,#ff0059
1984,#ff0059
1985,#ff0059
1986,#ff0059
1987,#9500ff
1988,#9500ff
1989,#ff0059
1990,#9500ff
1991,#9500ff
1992,#9500ff
1993,#ff0059
1994,#9500ff
1995,#9500ff
1996,#9500ff
1997,#ff0059
1998,#9500ff
1999,#9500ff
2000,#9500ff
2001,#9500ff
2002,#9500ff
2003,#9500ff
2004,#9500ff
2005,#ff0059
2006,#9500ff
2007,#9500ff
2008,#9500ff
2009,#9500ff
2010,#9500ff
2011,#9500ff
2012,#9500ff
2013,#9500ff
2014,#9500ff
2015,#9500ff
2016,#9500ff
2017,#9500ff
2018,#9500ff
2019,#ff0059
2020,#ff0059
2021,#ff0059
2022,#9500ff
2023,#9500ff
2024,#9500ff
2025,#9500ff
2026,#9500ff
2027,#9500ff
2028,#9500ff
2029,#9500ff
2030,#ff0059
2031,#9500ff
2032,#9500ff
2033,#ff0059
2034,#9500ff
2035,#9500ff
2036,#9500ff
2037,#ff0059
2038,#9500ff
2039,#9500ff
2040,#ff0059
2041,#9500ff
2042,#9500ff
2043,#ff0059
2044,#ff0059
2045,#ff0059
2046,#ff0059
2047,#9500ff
2048,#9500ff
2049,#9500ff
2050,#9500ff
2051,#9500ff
2052,#9500ff
2053,#9500ff
2054,#9500ff
2055,#ff0059
2056,#ff0059
2057,#9500ff
2058,#ff0059
2059,#ff0059
2060,#ff0059
2061,#9500ff
2062,#9500ff
2063,#ff0059
2064,#ff0059
2065,#9500ff
2066,#9500ff
2067,#ff0059
2068,#9500ff
2069,#ff0059
2070,#9500ff
2071,#9500ff
2072,#9500ff
2073,#ff0059
2074,#ff0059
2075,#9500ff
2076,#9500ff
2077,#ff0059
2078,#ff0059
2079,#9500ff
2080,#9500ff
2081,#9500ff
2082,#9500ff
2083,#ff0059
2084,#ff0059
2085,#9500ff
2086,#ff0059
2087,#9500ff
2088,#ff0059
2089,#9500ff
2090,#ff0059
2091,#9500ff
2092,#ff0059
2093,#ff0059
2094,#9500ff
2095,#ff0059
2096,#9500ff
2097,#9500ff
2098,#ff0059
2099,#9500ff
2100,#9500ff
2101,#9500ff
2102,#9500ff
2103,#ff0059
2104,#ff0059
2105,#9500ff
2106,#9500ff
2107,#9500ff
2108,#ff0059
2109,#ff0059
2110,#9500ff
2111,#9500ff
2112,#ff0059
2113,#9500ff
2114,#9500ff
2115,#ff0059
2116,#9500ff
2117,#9500ff
2118,#ff0059
2119,#9500ff
2120,#9500ff
2121,#ff0059
2122,#ff0059
2123,#ff0059
2124,#ff0059
2125,#9500ff
2126,#9500ff
2127,#9500ff
2128,#9500ff
2129,#9500ff
2130,#9500ff
2131,#ff0059
2132,#9500ff
2133,#9500ff
2134,#9500ff
2135,#9500ff
2136,#ff0059
2137,#9500ff
2138,#9500ff
2139,#ff0059
2140,#ff0059
2141,#9500ff
2142,#ff0059
2143,#9500ff
2144,#9500ff
2145,#9500ff
2146,#9500ff
2147,#ff0059
2148,#9500ff
2149,#9500ff
2150,#ff0059
2151,#9500ff
2152,#9500ff
2153,#9500ff
2154,#ff0059
2155,#9500ff
2156,#9500ff
2157,#9500ff
2158,#9500ff
2159,#9500ff
2160,#9500ff
2161,#9500ff
2162,#9500ff
2163,#9500ff
2164,#ff0059
2165,#ff0059
2166,#9500ff
2167,#9500ff
2168,#9500ff
2169,#9500ff
2170,#9500ff
2171,#9500ff
2172,#ff0059
2173,#9500ff
2174,#9500ff
2175,#9500ff
2176,#9500ff
2177,#9500ff
2178,#9500ff
2179,#ff0059
2180,#9500ff
2181,#9500ff
2182,#9500ff
2183,#9500ff
2184,#ff0059
2185,#9500ff
2186,#9500ff
2187,#9500ff
2188,#ff0059
2189,#9500ff
2190,#ff0059
2191,#9500ff
2192,#9500ff
2193,#9500ff
2194,#9500ff
2195,#9500ff
2196,#9500ff
2197,#9500ff
2198,#9500ff
2199,#9500ff
2200,#ff0059
2201,#ff0059
2202,#9500ff
2203,#9500ff
2204,#9500ff
2205,#9500ff
2206,#ff0059
2207,#ff0059
2208,#9500ff
2209,#9500ff
2210,#ff0059
2211,#9500ff
2212,#ff0059
2213,#ff0059
2214,#9500ff
2215,#9500ff
2216,#ff0059
2217,#9500ff
2218,#ff0059
2219,#9500ff
2220,#ff0059
2221,#9500ff
2222,#9500ff
2223,#9500ff
2224,#9500ff
2225,#9500ff
2226,#9500ff
2227,#9500ff
2228,#9500ff
2229,#ff0059
2230,#9500ff
2231,#9500ff
2232,#9500ff
2233,#ff0059
2234,#ff0059
2235,#9500ff
2236,#9500ff
2237,#ff0059
2238,#9500ff
2239,#9500ff
2240,#ff0059
2241,#9500ff
2242,#9500ff
2243,#9500ff
2244,#ff0059
2245,#9500ff
2246,#9500ff
2247,#9500ff
2248,#9500ff
2249,#9500ff
2250,#9500ff
2251,#9500ff
2252,#9500ff
2253,#ff0059
2254,#9500ff
2255,#9500ff
2256,#9500ff
2257,#ff0059
2258,#ff0059
2259,#9500ff
2260,#9500ff
2261,#ff0059
2262,#ff0059
2263,#9500ff
2264,#9500ff
2265,#9500ff
2266,#ff0059
2267,#9500ff
2268,#9500ff
2269,#9500ff
2270,#9500ff
2271,#ff0059
2272,#9500ff
2273,#9500ff
2274,#9500ff
2275,#ff0059
2276,#ff0059
2277,#9500ff
2278,#ff0059
2279,#9500ff
2280,#9500ff
2281,#9500ff
2282,#9500ff
2283,#9500ff
2284,#9500ff
2285,#9500ff
2286,#9500ff
2287,#ff0059
2288,#ff0059
2289,#9500ff
2290,#ff0059
2291,#9500ff
2292,#9500ff
2293,#9500ff
2294,#9500ff
2295,#9500ff
2296,#9500ff
2297,#9500ff
2298,#9500ff
2299,#ff0059
2300,#ff0059
2301,#9500ff
2302,#9500ff
2303,#ff0059
2304,#9500ff
2305,#9500ff
2306,#ff0059
2307,#ff0059
2308,#ff0059
2309,#ff0059
2310,#9500ff
2311,#ff0059
2312,#9500ff
2313,#9500ff
2314,#9500ff
2315,#9500ff
2316,#9500ff
2317,#9500ff
2318,#9500ff
2319,#9500ff
2320,#9500ff
2321,#9500ff
2322,#9500ff
2323,#ff0059
2324,#ff0059
2325,#9500ff
2326,#ff0059
2327,#9500ff
2328,#9500ff
2329,#ff0059
2330,#9500ff
2331,#ff0059
2332,#9500ff
2333,#9500ff
2334,#ff0059
2335,#9500ff
2336,#9500ff
2337,#9500ff
2338,#9500ff
2339,#ff0059
2340,#ff0059
2341,#9500ff
2342,#9500ff
2343,#9500ff
2344,#9500ff
2345,#9500ff
2346,#9500ff
2347,#ff0059
2348,#ff0059
2349,#9500ff
2350,#ff0059
2351,#9500ff
2352,#ff0059
2353,#ff0059
2354,#ff0059
2355,#9500ff
2356,#ff0059
2357,#9500ff
2358,#9500ff
2359,#ff0059
2360,#9500ff
2361,#9500ff
2362,#9500ff
2363,#ff0059
2364,#9500ff
2365,#9500ff
2366,#9500ff
2367,#9500ff
2368,#9500ff
2369,#ff0059
2370,#ff0059
2371,#9500ff
2372,#9500ff
2373,#9500ff
2374,#ff0059
2375,#9500ff
2376,#ff0059
2377,#9500ff
2378,#9500ff
2379,#9500ff
2380,#9500ff
2381,#ff0059
2382,#9500ff
2383,#ff0059
2384,#9500ff
2385,#9500ff
2386,#ff0059
2387,#ff0059
2388,#9500ff
2389,#9500ff
2390,#9500ff
2391,#ff0059
2392,#ff0059
2393,#ff0059
2394,#9500ff
2395,#ff0059
2396,#9500ff
2397,#9500ff
2398,#9500ff
2399,#9500ff
2400,#9500ff
2401,#9500ff
2402,#9500ff
2403,#9500ff
2404,#ff0059
2405,#9500ff
2406,#9500ff
2407,#ff0059
2408,#ff0059
2409,#ff0059
2410,#ff0059
2411,#9500ff
2412,#9500ff
2413,#9500ff
2414,#ff0059
2415,#9500ff
2416,#9500ff
2417,#9500ff
2418,#ff0059
2419,#9500ff
2420,#9500ff
2421,#9500ff
2422,#9500ff
2423,#ff0059
2424,#9500ff
2425,#9500ff
2426,#9500ff
2427,#ff0059
2428,#ff0059
2429,#ff0059
2430,#ff0059
2431,#9500ff
2432,#9500ff
2433,#ff0059
2434,#9500ff
2435,#9500ff
2436,#9500ff
2437,#9500ff
2438,#9500ff
2439,#9500ff
2440,#9500ff
2441,#9500ff
2442,#ff0059
2443,#ff0059
2444,#9500ff
2445,#9500ff
2446,#ff0059
2447,#9500ff
2448,#9500ff
2449,#ff0059
2450,#9500ff
2451,#9500ff
2452,#9500ff
2453,#9500ff
2454,#ff0059
2455,#9500ff
2456,#9500ff
2457,#9500ff
2458,#9500ff
2459,#9500ff
2460,#ff0059
2461,#9500ff
2462,#ff0059
2463,#9500ff
2464,#ff0059
2465,#9500ff
2466,#9500ff
2467,#ff0059
2468,#ff0059
2469,#ff0059
2470,#9500ff
2471,#9500ff
2472,#9500ff
2473,#9500ff
2474,#9500ff
2475,#9500ff
2476,#ff0059
2477,#ff0059
2478,#ff0059
2479,#9500ff
2480,#9500ff
2481,#9500ff
2482,#ff0059
2483,#9500ff
2484,#ff0059
2485,#ff0059
2486,#9500ff
2487,#9500ff
2488,#9500ff
2489,#ff0059
2490,#9500ff
2491,#9500ff
2492,#ff0059
2493,#9500ff
2494,#9500ff
2495,#ff0059
2496,#9500ff
2497,#9500ff
2498,#9500ff
2499,#ff0059
2500,#ff0059
2501,#9500ff
2502,#9500ff
2503,#9500ff
2504,#ff0059
2505,#9500ff
2506,#ff0059
2507,#ff0059
2508,#9500ff
2509,#9500ff
2510,#9500ff
2511,#9500ff
2512,#9500ff
2513,#9500ff
2514,#9500ff
2515,#9500ff
2516,#9500ff
2517,#9500ff
2518,#9500ff
2519,#9500ff
2520,#ff0059
2521,#ff0059
2522,#9500ff
2523,#9500ff
2524,#ff0059
2525,#9500ff
2526,#ff0059
2527,#9500ff
2528,#9500ff
2529,#9500ff
2530,#9500ff
2531,#9500ff
2532,#ff0059
2533,#9500ff
2534,#9500ff
2535,#9500ff
2536,#ff0059
2537,#9500ff
2538,#9500ff
2539,#ff0059
2540,#9500ff
2541,#9500ff
2542,#ff0059
2543,#9500ff
2544,#9500ff
2545,#ff0059
2546,#ff0059
2547,#9500ff
2548,#9500ff
2549,#ff0059
2550,#ff0059
2551,#ff0059
2552,#ff0059
2553,#ff0059
2554,#ff0059
2555,#9500ff
2556,#ff0059
2557,#9500ff
2558,#9500ff
2559,#ff0059
2560,#ff0059
2561,#ff0059
2562,#9500ff
2563,#ff0059
2564,#ff0059
2565,#9500ff
2566,#9500ff
2567,#9500ff
2568,#9500ff
2569,#9500ff
2570,#9500ff
2571,#9500ff
2572,#9500ff
2573,#ff0059
2574,#ff0059
2575,#ff0059
2576,#ff0059
2577,#9500ff
2578,#ff0059
2579,#ff0059
2580,#9500ff
2581,#9500ff
2582,#9500ff
2583,#9500ff
2584,#ff0059
2585,#9500ff
2586,#ff0059
2587,#9500ff
2588,#9500ff
2589,#9500ff
2590,#ff0059
2591,#ff0059
2592,#9500ff
2593,#ff0059
2594,#9500ff
2595,#9500ff
2596,#9500ff
2597,#9500ff
2598,#9500ff
2599,#9500ff
2600,#ff0059
2601,#ff0059
2602,#ff0059
2603,#9500ff
2604,#ff0059
2605,#9500ff
2606,#ff0059
2607,#ff0059
2608,#9500ff
2609,#9500ff
2610,#9500ff
2611,#ff0059
2612,#9500ff
2613,#ff0059
2614,#9500ff
2615,#ff0059
2616,#9500ff
2617,#9500ff
2618,#9500ff
2619,#ff0059
2620,#9500ff
2621,#9500ff
2622,#ff0059
2623,#ff0059
2624,#ff0059
2625,#ff0059
2626,#9500ff
2627,#9500ff
2628,#9500ff
2629,#9500ff
2630,#ff0059
2631,#ff0059
2632,#9500ff
2633,#9500ff
2634,#9500ff
2635,#9500ff
2636,#9500ff
2637,#9500ff
2638,#ff0059
2639,#9500ff
2640,#9500ff
2641,#9500ff
2642,#9500ff
2643,#9500ff
2644,#9500ff
2645,#9500ff
2646,#ff0059
2647,#9500ff
2648,#9500ff
2649,#9500ff
2650,#9500ff
2651,#9500ff
2652,#9500ff
2653,#9500ff
2654,#ff0059
2655,#ff0059
2656,#9500ff
2657,#9500ff
2658,#9500ff
2659,#9500ff
2660,#9500ff
2661,#0ad2ff
2662,#0ad2ff
2663,#0ad2ff
2664,#0ad2ff
2665,#0ad2ff
2666,#0ad2ff
2667,#0ad2ff
2668,#0ad2ff
2669,#0ad2ff
2670,#0ad2ff
2671,#0ad2ff
2672,#0ad2ff
2673,#0ad2ff
2674,#0ad2ff
2675,#0ad2ff
2676,#0ad2ff
2677,#0ad2ff
2678,#0ad2ff
2679,#0ad2ff
2680,#0ad2ff
2681,#0ad2ff
2682,#0ad2ff
2683,#0ad2ff
2684,#0ad2ff
2685,#0ad2ff
2686,#0ad2ff
2687,#0ad2ff
2688,#0ad2ff
2689,#0ad2ff
2690,#0ad2ff
2691,#0ad2ff
2692,#0ad2ff
2693,#0ad2ff
2694,#0ad2ff
2695,#0ad2ff
2696,#0ad2ff
2697,#0ad2ff
2698,#0ad2ff
2699,#0ad2ff
2700,#0ad2ff
2701,#0ad2ff
2702,#0ad2ff
2703,#0ad2ff
2704,#0ad2ff
2705,#0ad2ff
2706,#0ad2ff
2707,#0ad2ff
2708,#0ad2ff
2709,#0ad2ff
2710,#0ad2ff
2711,#0ad2ff
2712,#0ad2ff
2713,#0ad2ff
2714,#0ad2ff
2715,#0ad2ff
2716,#0ad2ff
2717,#0ad2ff
2718,#0ad2ff
2719,#0ad2ff
2720,#0ad2ff
2721,#0ad2ff
2722,#0ad2ff
2723,#0ad2ff
2724,#0ad2ff
2725,#0ad2ff
2726,#0ad2ff
2727,#0ad2ff
2728,#0ad2ff
2729,#0ad2ff
2730,#0ad2ff
2731,#0ad2ff
2732,#0ad2ff
2733,#0ad2ff
2734,#0ad2ff
2735,#0ad2ff
2736,#0ad2ff
2737,#0ad2ff
2738,#0ad2ff
2739,#0ad2ff
2740,#0ad2ff
2741,#0ad2ff
2742,#0ad2ff
2743,#0ad2ff
2744,#0ad2ff
2745,#0ad2ff
2746,#0ad2ff
2747,#0ad2ff
2748,#0ad2ff
2749,#0ad2ff
2750,#0ad2ff
2751,#0ad2ff
2752,#0ad2ff
2753,#0ad2ff
2754,#0ad2ff
2755,#0ad2ff
2756,#0ad2ff
2757,#0ad2ff
2758,#0ad2ff
2759,#0ad2ff
2760,#0ad2ff
2761,#0ad2ff
2762,#0ad2ff
2763,#0ad2ff
2764,#0ad2ff
2765,#0ad2ff
2766,#0ad2ff
2767,#0ad2ff
2768,#0ad2ff
2769,#0ad2ff
2770,#0ad2ff
2771,#0ad2ff
2772,#0ad2ff
2773,#0ad2ff
2774,#0ad2ff
2775,#0ad2ff
2776,#0ad2ff
2777,#0ad2ff
2778,#0ad2ff
2779,#0ad2ff
2780,#0ad2ff
2781,#0ad2ff
2782,#0ad2ff
2783,#0ad2ff
2784,#0ad2ff
2785,#0ad2ff
2786,#0ad2ff
2787,#0ad2ff
2788,#0ad2ff
2789,#0ad2ff
2790,#0ad2ff
2791,#0ad2ff
2792,#0ad2ff
2793,#0ad2ff
2794,#0ad2ff
2795,#0ad2ff
2796,#0ad2ff
2797,#0ad2ff
2798,#0ad2ff
2799,#0ad2ff
2800,#0ad2ff
2801,#0ad2ff
2802,#0ad2ff
2803,#0ad2ff
2804,#0ad2ff
2805,#0ad2ff
2806,#0ad2ff
2807,#0ad2ff
2808,#0ad2ff
2809,#0ad2ff
2810,#0ad2ff
2811,#0ad2ff
2812,#0ad2ff
2813,#0ad2ff
2814,#0ad2ff
2815,#0ad2ff
2816,#0ad2ff
2817,#0ad2ff
2818,#0ad2ff
2819,#0ad2ff
2820,#0ad2ff
2821,#0ad2ff
2822,#0ad2ff
2823,#0ad2ff
2824,#0ad2ff
2825,#0ad2ff
2826,#0ad2ff
2827,#0ad2ff
2828,#0ad2ff
2829,#0ad2ff
2830,#0ad2ff
2831,#0ad2ff
2832,#0ad2ff
2833,#0ad2ff
2834,#0ad2ff
2835,#0ad2ff
2836,#0ad2ff
2837,#0ad2ff
2838,#0ad2ff
2839,#0ad2ff
2840,#0ad2ff
2841,#0ad2ff
2842,#0ad2ff
2843,#0ad2ff
2844,#0ad2ff
2845,#0ad2ff
2846,#0ad2ff
2847,#0ad2ff
2848,#0ad2ff
2849,#0ad2ff
2850,#0ad2ff
2851,#0ad2ff
2852,#0ad2ff
2853,#0ad2ff
2854,#0ad2ff
2855,#0ad2ff
2856,#0ad2ff
2857,#0ad2ff
2858,#0ad2ff
2859,#0ad2ff
2860,#0ad2ff
2861,#0ad2ff
2862,#0ad2ff
2863,#0ad2ff
2864,#0ad2ff
2865,#0ad2ff
2866,#0ad2ff
2867,#0ad2ff
2868,#0ad2ff
2869,#0ad2ff
2870,#0ad2ff
2871,#0ad2ff
2872,#0ad2ff
2873,#0ad2ff
2874,#0ad2ff
2875,#0ad2ff
2876,#0ad2ff
2877,#0ad2ff
2878,#0ad2ff
2879,#0ad2ff
2880,#0ad2ff
2881,#0ad2ff
2882,#0ad2ff
2883,#0ad2ff
2884,#0ad2ff
2885,#0ad2ff
2886,#0ad2ff
2887,#0ad2ff
2888,#0ad2ff
2889,#0ad2ff
2890,#0ad2ff
2891,#0ad2ff
2892,#0ad2ff
2893,#0ad2ff
2894,#0ad2ff
2895,#0ad2ff
2896,#0ad2ff
2897,#0ad2ff
2898,#0ad2ff
2899,#0ad2ff
2900,#0ad2ff
2901,#0ad2ff
2902,#0ad2ff
2903,#0ad2ff
2904,#0ad2ff
2905,#0ad2ff
2906,#0ad2ff
2907,#0ad2ff
2908,#0ad2ff
2909,#0ad2ff
2910,#0ad2ff
2911,#0ad2ff
2912,#0ad2ff
2913,#0ad2ff
2914,#0ad2ff
2915,#0ad2ff
2916,#0ad2ff
2917,#0ad2ff
2918,#0ad2ff
2919,#0ad2ff
2920,#0ad2ff
2921,#0ad2ff
2922,#0ad2ff
2923,#0ad2ff
2924,#0ad2ff
2925,#0ad2ff
2926,#0ad2ff
2927,#0ad2ff
2928,#0ad2ff
2929,#0ad2ff
2930,#0ad2ff
2931,#0ad2ff
2932,#0ad2ff
2933,#0ad2ff
2934,#0ad2ff
2935,#0ad2ff
2936,#0ad2ff
2937,#0ad2ff
2938,#0ad2ff
2939,#0ad2ff
2940,#0ad2ff
2941,#0ad2ff
2942,#0ad2ff
2943,#0ad2ff
2944,#0ad2ff
2945,#0ad2ff
2946,#0ad2ff
2947,#0ad2ff
2948,#0ad2ff
2949,#0ad2ff
2950,#0ad2ff
2951,#0ad2ff
2952,#0ad2ff
2953,#0ad2ff
2954,#0ad2ff
2955,#0ad2ff
2956,#0ad2ff
2957,#0ad2ff
2958,#0ad2ff
2959,#0ad2ff
2960,#0ad2ff
2961,#0ad2ff
2962,#0ad2ff
2963,#0ad2ff
2964,#0ad2ff
2965,#0ad2ff
2966,#0ad2ff
2967,#0ad2ff
2968,#0ad2ff
2969,#0ad2ff
2970,#0ad2ff
2971,#0ad2ff
2972,#0ad2ff
2973,#0ad2ff
2974,#0ad2ff
2975,#0ad2ff
2976,#0ad2ff
2977,#0ad2ff
2978,#0ad2ff
2979,#0ad2ff
2980,#0ad2ff
2981,#0ad2ff
2982,#0ad2ff
2983,#0ad2ff
2984,#0ad2ff
2985,#0ad2ff
2986,#0ad2ff
2987,#0ad2ff
2988,#0ad2ff
2989,#0ad2ff
2990,#0ad2ff
2991,#0ad2ff
2992,#0ad2ff
2993,#0ad2ff
2994,#0ad2ff
2995,#0ad2ff
2996,#0ad2ff
2997,#0ad2ff
2998,#0ad2ff
2999,#0ad2ff
3000,#0ad2ff
3001,#0ad2ff
3002,#0ad2ff
3003,#0ad2ff
3004,#0ad2ff
3005,#0ad2ff
3006,#0ad2ff
3007,#0ad2ff
3008,#0ad2ff
3009,#0ad2ff
3010,#0ad2ff
3011,#0ad2ff
3012,#0ad2ff
3013,#0ad2ff
3014,#0ad2ff
3015,#0ad2ff
3016,#0ad2ff
3017,#0ad2ff
3018,#0ad2ff
3019,#0ad2ff
3020,#0ad2ff
3021,#0ad2ff
3022,#0ad2ff
3023,#0ad2ff
3024,#0ad2ff
3025,#0ad2ff
3026,#0ad2ff
3027,#0ad2ff
3028,#0ad2ff
3029,#0ad2ff
3030,#0ad2ff
3031,#0ad2ff
3032,#0ad2ff
3033,#0ad2ff
3034,#0ad2ff
3035,#0ad2ff
3036,#0ad2ff
3037,#0ad2ff
3038,#0ad2ff
3039,#0ad2ff
3040,#0ad2ff
3041,#0ad2ff
3042,#0ad2ff
3043,#0ad2ff
3044,#0ad2ff
3045,#0ad2ff
3046,#0ad2ff
3047,#0ad2ff
3048,#0ad2ff
3049,#0ad2ff
3050,#0ad2ff
3051,#0ad2ff
3052,#0ad2ff
3053,#0ad2ff
3054,#0ad2ff
3055,#0ad2ff
3056,#0ad2ff
3057,#0ad2ff
3058,#0ad2ff
3059,#0ad2ff
3060,#0ad2ff
3061,#0ad2ff
3062,#0ad2ff
3063,#0ad2ff
3064,#0ad2ff
3065,#0ad2ff
3066,#0ad2ff
3067,#0ad2ff
3068,#0ad2ff
3069,#0ad2ff
3070,#0ad2ff
3071,#0ad2ff
3072,#0ad2ff
3073,#0ad2ff
3074,#0ad2ff
3075,#0ad2ff
3076,#0ad2ff
3077,#0ad2ff
3078,#0ad2ff
3079,#0ad2ff
3080,#0ad2ff
3081,#0ad2ff
3082,#0ad2ff
3083,#0ad2ff
3084,#0ad2ff
3085,#0ad2ff
3086,#0ad2ff
3087,#0ad2ff
3088,#0ad2ff
3089,#0ad2ff
3090,#0ad2ff
3091,#0ad2ff
3092,#0ad2ff
3093,#0ad2ff
3094,#0ad2ff
3095,#0ad2ff
3096,#0ad2ff
3097,#0ad2ff
3098,#0ad2ff
3099,#0ad2ff
3100,#0ad2ff
3101,#0ad2ff
3102,#0ad2ff
3103,#0ad2ff
3104,#0ad2ff
3105,#0ad2ff
3106,#0ad2ff
3107,#0ad2ff
3108,#0ad2ff
3109,#0ad2ff
3110,#0ad2ff
3111,#0ad2ff
3112,#0ad2ff
3113,#0ad2ff
3114,#0ad2ff
3115,#0ad2ff
3116,#0ad2ff
3117,#0ad2ff
3118,#0ad2ff
3119,#0ad2ff
3120,#0ad2ff
3121,#0ad2ff
3122,#0ad2ff
3123,#0ad2ff
3124,#0ad2ff
3125,#0ad2ff
3126,#0ad2ff
3127,#0ad2ff
3128,#0ad2ff
3129,#0ad2ff
3130,#0ad2ff
3131,#0ad2ff
3132,#0ad2ff
3133,#0ad2ff
3134,#0ad2ff
3135,#0ad2ff
3136,#0ad2ff
3137,#0ad2ff
3138,#0ad2ff
3139,#0ad2ff
3140,#0ad2ff
3141,#0ad2ff
3142,#0ad2ff
3143,#0ad2ff
3144,#0ad2ff
3145,#0ad2ff
3146,#0ad2ff
3147,#0ad2ff
3148,#0ad2ff
3149,#0ad2ff
3150,#0ad2ff
3151,#0ad2ff
3152,#0ad2ff
3153,#0ad2ff
3154,#0ad2ff
3155,#0ad2ff
3156,#0ad2ff
3157,#0ad2ff
3158,#0ad2ff
3159,#0ad2ff
3160,#0ad2ff
3161,#0ad2ff
3162,#0ad2ff
3163,#0ad2ff
3164,#0ad2ff
3165,#0ad2ff
3166,#0ad2ff
3167,#0ad2ff
3168,#0ad2ff
3169,#0ad2ff
3170,#0ad2ff
3171,#0ad2ff
3172,#0ad2ff
3173,#0ad2ff
3174,#0ad2ff
3175,#0ad2ff
3176,#0ad2ff
3177,#0ad2ff
3178,#0ad2ff
3179,#0ad2ff
3180,#0ad2ff
3181,#0ad2ff
3182,#0ad2ff
3183,#0ad2ff
3184,#0ad2ff
3185,#0ad2ff
3186,#0ad2ff
3187,#0ad2ff
3188,#0ad2ff
3189,#0ad2ff
3190,#0ad2ff
3191,#0ad2ff
3192,#0ad2ff
3193,#0ad2ff
3194,#0ad2ff
3195,#0ad2ff
3196,#0ad2ff
3197,#0ad2ff
3198,#0ad2ff
3199,#0ad2ff
3200,#0ad2ff
3201,#0ad2ff
3202,#0ad2ff
3203,#0ad2ff
3204,#0ad2ff
3205,#0ad2ff
3206,#0ad2ff
3207,#0ad2ff
3208,#0ad2ff
3209,#0ad2ff
3210,#0ad2ff
3211,#0ad2ff
3212,#0ad2ff
3213,#0ad2ff
3214,#0ad2ff
3215,#0ad2ff
3216,#0ad2ff
3217,#0ad2ff
3218,#0ad2ff
3219,#0ad2ff
3220,#0ad2ff
3221,#0ad2ff
3222,#0ad2ff
3223,#0ad2ff
3224,#0ad2ff
3225,#0ad2ff
3226,#0ad2ff
3227,#0ad2ff
3228,#0ad2ff
3229,#0ad2ff
3230,#0ad2ff
3231,#0ad2ff
3232,#0ad2ff
3233,#0ad2ff
3234,#0ad2ff
3235,#0ad2ff
3236,#0ad2ff
3237,#0ad2ff
3238,#0ad2ff
3239,#0ad2ff
3240,#0ad2ff
3241,#0ad2ff
3242,#0ad2ff
3243,#0ad2ff
3244,#0ad2ff
3245,#0ad2ff
3246,#0ad2ff
3247,#0ad2ff
3248,#0ad2ff
3249,#0ad2ff
3250,#0ad2ff
3251,#0ad2ff
3252,#0ad2ff
3253,#0ad2ff
3254,#0ad2ff
3255,#0ad2ff
3256,#0ad2ff
3257,#0ad2ff
3258,#0ad2ff
3259,#0ad2ff
3260,#0ad2ff
3261,#0ad2ff
3262,#0ad2ff
3263,#0ad2ff
3264,#0ad2ff
3265,#0ad2ff
3266,#0ad2ff
3267,#0ad2ff
3268,#0ad2ff
3269,#0ad2ff
3270,#0ad2ff
3271,#0ad2ff
3272,#0ad2ff
3273,#0ad2ff
3274,#0ad2ff
3275,#0ad2ff
3276,#0ad2ff
3277,#0ad2ff
3278,#0ad2ff
3279,#0ad2ff
3280,#0ad2ff
3281,#0ad2ff
3282,#0ad2ff
3283,#0ad2ff
3284,#0ad2ff
3285,#0ad2ff
3286,#0ad2ff
3287,#0ad2ff
3288,#0ad2ff
3289,#0ad2ff
3290,#0ad2ff
3291,#0ad2ff
3292,#0ad2ff
3293,#0ad2ff
3294,#0ad2ff
3295,#0ad2ff
3296,#0ad2ff
3297,#0ad2ff
3298,#0ad2ff
3299,#0ad2ff
3300,#0ad2ff
3301,#0ad2ff
3302,#0ad2ff
3303,#0ad2ff
3304,#0ad2ff
3305,#0ad2ff
3306,#0ad2ff
3307,#0ad2ff
3308,#0ad2ff
3309,#0ad2ff
3310,#0ad2ff
3311,#0ad2ff
3312,#0ad2ff
3313,#0ad2ff
3314,#0ad2ff
3315,#0ad2ff
3316,#0ad2ff
3317,#0ad2ff
3318,#0ad2ff
3319,#0ad2ff
3320,#0ad2ff
3321,#0ad2ff
3322,#0ad2ff
3323,#0ad2ff
3324,#0ad2ff
3325,#0ad2ff
3326,#0ad2ff
3327,#0ad2ff
3328,#0ad2ff
3329,#0ad2ff
3330,#0ad2ff
3331,#0ad2ff
3332,#0ad2ff
3333,#0ad2ff
3334,#0ad2ff
3335,#0ad2ff
3336,#0ad2ff
3337,#0ad2ff
3338,#0ad2ff
3339,#0ad2ff
3340,#0ad2ff
3341,#0ad2ff
3342,#0ad2ff
3343,#0ad2ff
3344,#0ad2ff
3345,#0ad2ff
3346,#0ad2ff
3347,#0ad2ff
3348,#0ad2ff
3349,#0ad2ff
3350,#0ad2ff
3351,#0ad2ff
3352,#0ad2ff
3353,#0ad2ff
3354,#0ad2ff
3355,#0ad2ff
3356,#0ad2ff
3357,#0ad2ff
3358,#0ad2ff
3359,#0ad2ff
3360,#0ad2ff
3361,#0ad2ff
3362,#0ad2ff
3363,#0ad2ff
3364,#0ad2ff
3365,#0ad2ff
3366,#0ad2ff
3367,#0ad2ff
3368,#0ad2ff
3369,#0ad2ff
3370,#0ad2ff
3371,#0ad2ff
3372,#0ad2ff
3373,#0ad2ff
3374,#0ad2ff
3375,#0ad2ff
3376,#0ad2ff
3377,#0ad2ff
3378,#0ad2ff
3379,#0ad2ff
3380,#0ad2ff
3381,#0ad2ff
3382,#0ad2ff
3383,#0ad2ff
3384,#0ad2ff
3385,#0ad2ff
3386,#0ad2ff
3387,#0ad2ff
3388,#0ad2ff
3389,#0ad2ff
3390,#0ad2ff
3391,#0ad2ff
3392,#0ad2ff
3393,#0ad2ff
3394,#0ad2ff
3395,#0ad2ff
3396,#0ad2ff
3397,#0ad2ff
3398,#0ad2ff
3399,#0ad2ff
3400,#0ad2ff
3401,#0ad2ff
3402,#0ad2ff
3403,#0ad2ff
3404,#0ad2ff
3405,#0ad2ff
3406,#0ad2ff
3407,#0ad2ff
3408,#0ad2ff
3409,#0ad2ff
3410,#0ad2ff
3411,#0ad2ff
3412,#0ad2ff
3413,#0ad2ff
3414,#0ad2ff
3415,#0ad2ff
3416,#0ad2ff
3417,#0ad2ff
3418,#0ad2ff
3419,#0ad2ff
3420,#0ad2ff
3421,#0ad2ff
3422,#0ad2ff
3423,#0ad2ff
3424,#0ad2ff
3425,#0ad2ff
3426,#0ad2ff
3427,#0ad2ff
3428,#0ad2ff
3429,#0ad2ff
3430,#0ad2ff
3431,#0ad2ff
3432,#0ad2ff
3433,#0ad2ff
3434,#0ad2ff
3435,#0ad2ff
3436,#0ad2ff
3437,#2962ff
3438,#2962ff
3439,#2962ff
3440,#2962ff
3441,#2962ff
3442,#2962ff
3443,#2962ff
3444,#2962ff
3445,#2962ff
3446,#2962ff
3447,#2962ff
3448,#2962ff
3449,#2962ff
3450,#2962ff
3451,#2962ff
3452,#2962ff
3453,#2962ff
3454,#2962ff
3455,#2962ff
3456,#2962ff
3457,#2962ff
3458,#2962ff
3459,#2962ff
3460,#2962ff
3461,#2962ff
3462,#2962ff
3463,#2962ff
3464,#2962ff
3465,#2962ff
3466,#2962ff
3467,#2962ff
3468,#2962ff
3469,#2962ff
3470,#2962ff
3471,#2962ff
3472,#2962ff
3473,#2962ff
3474,#2962ff
3475,#2962ff
3476,#2962ff
3477,#2962ff
3478,#2962ff
3479,#2962ff
3480,#2962ff
3481,#2962ff
3482,#2962ff
3483,#2962ff
3484,#2962ff
3485,#2962ff
3486,#2962ff
3487,#2962ff
3488,#2962ff
3489,#2962ff
3490,#2962ff
3491,#2962ff
3492,#2962ff
3493,#2962ff
3494,#2962ff
3495,#2962ff
3496,#2962ff
3497,#2962ff
3498,#2962ff
3499,#2962ff
3500,#2962ff
3501,#2962ff
3502,#2962ff
3503,#2962ff
3504,#2962ff
3505,#2962ff
3506,#2962ff
3507,#2962ff
3508,#2962ff
3509,#2962ff
3510,#2962ff
3511,#2962ff
3512,#2962ff
3513,#2962ff
3514,#2962ff
3515,#2962ff
3516,#2962ff
3517,#2962ff
3518,#2962ff
3519,#2962ff
3520,#2962ff
3521,#2962ff
3522,#2962ff
3523,#2962ff
3524,#2962ff
3525,#2962ff
3526,#2962ff
3527,#2962ff
3528,#2962ff
3529,#2962ff
3530,#2962ff
3531,#2962ff
3532,#2962ff
3533,#2962ff
3534,#2962ff
3535,#2962ff
3536,#2962ff
3537,#2962ff
3538,#2962ff
3539,#2962ff
3540,#2962ff
3541,#2962ff
3542,#2962ff
3543,#2962ff
3544,#2962ff
3545,#2962ff
3546,#2962ff
3547,#2962ff
3548,#2962ff
3549,#2962ff
3550,#2962ff
3551,#2962ff
3552,#2962ff
3553,#2962ff
3554,#2962ff
3555,#2962ff
3556,#2962ff
3557,#2962ff
3558,#2962ff
3559,#2962ff
3560,#2962ff
3561,#2962ff
3562,#2962ff
3563,#2962ff
3564,#2962ff
3565,#2962ff
3566,#2962ff
3567,#2962ff
3568,#2962ff
3569,#2962ff
3570,#2962ff
3571,#2962ff
3572,#2962ff
3573,#2962ff
3574,#2962ff
3575,#2962ff
3576,#2962ff
3577,#2962ff
3578,#2962ff
3579,#2962ff
3580,#2962ff
3581,#2962ff
3582,#2962ff
3583,#2962ff
3584,#2962ff
3585,#2962ff
3586,#2962ff
3587,#2962ff
3588,#2962ff
3589,#2962ff
3590,#2962ff
3591,#2962ff
3592,#2962ff
3593,#2962ff
3594,#2962ff
3595,#2962ff
3596,#2962ff
3597,#2962ff
3598,#2962ff
3599,#2962ff
3600,#2962ff
3601,#2962ff
3602,#2962ff
3603,#2962ff
3604,#2962ff
3605,#2962ff
3606,#2962ff
3607,#2962ff
3608,#2962ff
3609,#2962ff
3610,#2962ff
3611,#2962ff
3612,#2962ff
3613,#2962ff
3614,#2962ff
3615,#2962ff
3616,#2962ff
3617,#2962ff
3618,#2962ff
3619,#2962ff
3620,#2962ff
3621,#2962ff
3622,#2962ff
3623,#2962ff
3624,#2962ff
3625,#2962ff
3626,#2962ff
3627,#2962ff
3628,#2962ff
3629,#2962ff
3630,#2962ff
3631,#2962ff
3632,#2962ff
3633,#2962ff
3634,#2962ff
3635,#2962ff
3636,#2962ff
3637,#2962ff
3638,#2962ff
3639,#2962ff
3640,#2962ff
3641,#2962ff
3642,#2962ff
3643,#2962ff
3644,#2962ff
3645,#2962ff
3646,#2962ff
3647,#2962ff
3648,#2962ff
3649,#2962ff
3650,#2962ff
3651,#2962ff
3652,#2962ff
3653,#2962ff
3654,#2962ff
3655,#2962ff
3656,#2962ff
3657,#2962ff
3658,#2962ff
3659,#2962ff
3660,#2962ff
3661,#2962ff
3662,#2962ff
3663,#2962ff
3664,#2962ff
3665,#2962ff
3666,#2962ff
3667,#2962ff
3668,#2962ff
3669,#2962ff
3670,#2962ff
3671,#2962ff
3672,#2962ff
3673,#2962ff
3674,#2962ff
3675,#2962ff
3676,#2962ff
3677,#2962ff
3678,#2962ff
3679,#2962ff
3680,#2962ff
3681,#2962ff
3682,#2962ff
3683,#2962ff
3684,#2962ff
3685,#2962ff
3686,#2962ff
3687,#2962ff
3688,#2962ff
3689,#2962ff
3690,#2962ff
3691,#2962ff
3692,#2962ff
3693,#2962ff
3694,#2962ff
3695,#2962ff
3696,#2962ff
3697,#2962ff
3698,#2962ff
3699,#2962ff
3700,#2962ff
3701,#2962ff
3702,#2962ff
3703,#2962ff
3704,#2962ff
3705,#2962ff
3706,#2962ff
3707,#2962ff
3708,#2962ff
3709,#2962ff
3710,#2962ff
3711,#2962ff
3712,#2962ff
3713,#2962ff
3714,#2962ff
3715,#2962ff
3716,#2962ff
3717,#2962ff
3718,#2962ff
3719,#2962ff
3720,#2962ff
3721,#2962ff
3722,#2962ff
3723,#2962ff
3724,#2962ff
3725,#2962ff
3726,#2962ff
3727,#2962ff
3728,#2962ff
3729,#2962ff
3730,#2962ff
3731,#2962ff
3732,#2962ff
3733,#2962ff
3734,#2962ff
3735,#2962ff
3736,#2962ff
3737,#2962ff
3738,#2962ff
3739,#2962ff
3740,#2962ff
3741,#2962ff
3742,#2962ff
3743,#2962ff
3744,#2962ff
3745,#2962ff
3746,#2962ff
3747,#2962ff
3748,#2962ff
3749,#2962ff
3750,#2962ff
3751,#2962ff
3752,#2962ff
3753,#2962ff
3754,#2962ff
3755,#2962ff
3756,#2962ff
3757,#2962ff
3758,#2962ff
3759,#2962ff
3760,#2962ff
3761,#2962ff
3762,#2962ff
3763,#2962ff
3764,#2962ff
3765,#2962ff
3766,#2962ff
3767,#2962ff
3768,#2962ff
3769,#2962ff
3770,#2962ff
3771,#2962ff
3772,#2962ff
3773,#2962ff
3774,#2962ff
3775,#2962ff
3776,#2962ff
3777,#2962ff
3778,#2962ff
3779,#2962ff
3780,#2962ff
3781,#2962ff
3782,#2962ff
3783,#2962ff
3784,#2962ff
3785,#2962ff
3786,#2962ff
3787,#2962ff
3788,#2962ff
3789,#2962ff
3790,#2962ff
3791,#2962ff
3792,#2962ff
3793,#2962ff
3794,#2962ff
3795,#2962ff
3796,#2962ff
3797,#2962ff
3798,#2962ff
3799,#2962ff
3800,#2962ff
3801,#2962ff
3802,#2962ff
3803,#2962ff
3804,#2962ff
3805,#2962ff
3806,#2962ff
3807,#2962ff
3808,#2962ff
3809,#2962ff
3810,#2962ff
3811,#2962ff
3812,#2962ff
3813,#2962ff
3814,#2962ff
3815,#2962ff
3816,#2962ff
3817,#2962ff
3818,#2962ff
3819,#2962ff
3820,#2962ff
3821,#2962ff
3822,#2962ff
3823,#2962ff
3824,#2962ff
3825,#2962ff
3826,#2962ff
3827,#2962ff
3828,#2962ff
3829,#2962ff
3830,#2962ff
3831,#2962ff
3832,#2962ff
3833,#2962ff
3834,#2962ff
3835,#2962ff
3836,#2962ff
3837,#2962ff
3838,#2962ff
3839,#2962ff
3840,#2962ff
3841,#2962ff
3842,#2962ff
3843,#2962ff
3844,#2962ff
3845,#2962ff
3846,#2962ff
3847,#2962ff
3848,#2962ff
3849,#2962ff
3850,#2962ff
3851,#2962ff
3852,#2962ff
3853,#2962ff
3854,#2962ff
3855,#2962ff
3856,#2962ff
3857,#2962ff
3858,#2962ff
3859,#2962ff
3860,#2962ff
3861,#2962ff
3862,#2962ff
3863,#2962ff
3864,#2962ff
3865,#2962ff
3866,#2962ff
3867,#2962ff
3868,#2962ff
3869,#2962ff
3870,#2962ff
3871,#2962ff
3872,#2962ff
3873,#2962ff
3874,#2962ff
3875,#2962ff
3876,#2962ff
3877,#2962ff
3878,#2962ff
3879,#2962ff
3880,#2962ff
3881,#2962ff
3882,#2962ff
3883,#2962ff
3884,#2962ff
3885,#2962ff
3886,#2962ff
3887,#2962ff
3888,#2962ff
3889,#2962ff
3890,#2962ff
3891,#2962ff
3892,#2962ff
3893,#2962ff
3894,#2962ff
3895,#2962ff
3896,#2962ff
3897,#2962ff
3898,#2962ff
3899,#2962ff
3900,#2962ff
3901,#2962ff
3902,#2962ff
3903,#2962ff
3904,#2962ff
3905,#2962ff
3906,#2962ff
3907,#2962ff
3908,#2962ff
3909,#2962ff
3910,#2962ff
3911,#2962ff
3912,#2962ff
3913,#2962ff
3914,#2962ff
3915,#2962ff
3916,#2962ff
3917,#2962ff
3918,#2962ff
3919,#2962ff
3920,#2962ff
3921,#2962ff
3922,#2962ff
3923,#2962ff
3924,#2962ff
3925,#2962ff
3926,#2962ff
3927,#2962ff
3928,#2962ff
3929,#2962ff
3930,#2962ff
3931,#2962ff
3932,#2962ff
3933,#2962ff
3934,#2962ff
3935,#2962ff
3936,#2962ff
3937,#2962ff
3938,#2962ff
3939,#2962ff
3940,#2962ff
3941,#2962ff
3942,#2962ff
3943,#2962ff
3944,#2962ff
3945,#2962ff
3946,#2962ff
3947,#2962ff
3948,#2962ff
3949,#2962ff
3950,#2962ff
3951,#2962ff
3952,#2962ff
3953,#2962ff
3954,#2962ff
3955,#2962ff
3956,#2962ff
3957,#2962ff
3958,#2962ff
3959,#2962ff
3960,#2962ff
3961,#2962ff
3962,#2962ff
3963,#2962ff
3964,#2962ff
3965,#2962ff
3966,#2962ff
3967,#2962ff
3968,#2962ff
3969,#2962ff
3970,#2962ff
3971,#2962ff
3972,#2962ff
3973,#2962ff
3974,#2962ff
3975,#2962ff
3976,#2962ff
3977,#2962ff
3978,#2962ff
3979,#2962ff
3980,#2962ff
3981,#2962ff
3982,#2962ff
3983,#2962ff
3984,#2962ff
3985,#2962ff
3986,#2962ff
3987,#2962ff
3988,#2962ff
3989,#2962ff
3990,#2962ff
3991,#2962ff
3992,#2962ff
3993,#2962ff
3994,#2962ff
3995,#2962ff
3996,#2962ff
3997,#2962ff
3998,#2962ff
3999,#2962ff
4000,#2962ff
4001,#2962ff
4002,#2962ff
4003,#2962ff
4004,#2962ff
4005,#2962ff
4006,#2962ff
4007,#2962ff
4008,#2962ff
4009,#2962ff
4010,#2962ff
4011,#2962ff
4012,#2962ff
4013,#2962ff
4014,#2962ff
4015,#2962ff
4016,#2962ff
4017,#2962ff
4018,#2962ff
4019,#2962ff
4020,#2962ff
4021,#2962ff
4022,#2962ff
4023,#2962ff
4024,#2962ff
4025,#2962ff
4026,#2962ff
4027,#2962ff
4028,#2962ff
4029,#2962ff
4030,#2962ff
4031,#2962ff
4032,#2962ff
4033,#2962ff
4034,#2962ff
4035,#2962ff
4036,#2962ff
4037,#2962ff
4038,#2962ff
